URL,Zuletzt gecrawlt
https://themegaradio.com/en/station/wrbb-104-9fm-campus-radio,2026-05-05
https://themegaradio.com/en/station/wrbb-1049fm-campus-radio,2026-05-05
https://themegaradio.com/station/wrbb-1049fm-campus-radio,2026-05-05
https://themegaradio.com/zh/电台/gachi-station-ukrainian-playlist-1,2026-05-05
https://themegaradio.com/zh/station/gachi-station-ukrainian-playlist-1,2026-05-05
https://themegaradio.com/ar/mahta/listnr-billion-streams-club,2026-05-02
https://themegaradio.com/ar/station/listnr-billion-streams-club,2026-05-02
https://themegaradio.com/qa/station/listnr-billion-streams-club,2026-05-02
https://themegaradio.com/pt/estacao/rbb-radio-eins,2026-05-02
https://themegaradio.com/pt/estacao/frequencycast-uk-tech,2026-04-30
https://themegaradio.com/sv,2026-04-30
https://themegaradio.com/de/sender/radio-u1-tirol,2026-04-29
https://themegaradio.com/de/sender/arabella-austropop,2026-04-29
https://themegaradio.com/de/sender/arabella-relax,2026-04-29
https://themegaradio.com/de/sender/kronehit-digital,2026-04-29
https://themegaradio.com/de/sender/antenne-steiermark,2026-04-29
https://themegaradio.com/de/sender/lounge-fm-100-austria,2026-04-29
https://themegaradio.com/de/sender/yu-radio,2026-04-29
https://themegaradio.com/ar/mahta/melody-967,2026-04-27
https://themegaradio.com/ar/station/melody-967,2026-04-27
https://themegaradio.com/en/station/melody-96-7,2026-04-27
https://themegaradio.com/station/melody-96-7,2026-04-27
https://themegaradio.com/br/estacao/radio-metal-on-80s-hnh,2026-04-27
https://themegaradio.com/am/ጣቢያ/-2330,2026-04-26
https://themegaradio.com/am/station/-2330,2026-04-26
https://themegaradio.com/en/station/fu-xing-dian-tai-ce-shi,2026-04-26
https://themegaradio.com/station/fu-xing-dian-tai-ce-shi,2026-04-26
https://themegaradio.com/mr/station/mazhai-fm,2026-04-26
https://themegaradio.com/mr/steshan/mazhai-fm,2026-04-26
https://themegaradio.com/ar,2026-04-24
https://themegaradio.com/am,2026-04-24
https://themegaradio.com/ar/mahta/fm-107,2026-04-23
https://themegaradio.com/ar/station/fm-107,2026-04-23
https://themegaradio.com/en/station/kompas-fm,2026-04-23
https://themegaradio.com/station/kompas-fm,2026-04-23
https://themegaradio.com/ar/mahta/900-fm-2,2026-04-23
https://themegaradio.com/ar/station/900-fm-2,2026-04-23
https://themegaradio.com/en/station/novoe-radio-kirov-90-0-fm,2026-04-23
https://themegaradio.com/station/novoe-radio-kirov-90-0-fm,2026-04-23
https://themegaradio.com/am/ጣቢያ/radio-pacis-909,2026-04-23
https://themegaradio.com/am/station/radio-pacis-909,2026-04-23
https://themegaradio.com/en/station/radio-pacis-90-9,2026-04-23
https://themegaradio.com/station/radio-pacis-90-9,2026-04-23
https://themegaradio.com/bg/stantsiya/irib_saba,2026-04-23
https://themegaradio.com/bg/station/irib_saba,2026-04-23
https://themegaradio.com/en/station/irib-saba,2026-04-23
https://themegaradio.com/station/irib-saba,2026-04-23
https://themegaradio.com/am/ጣቢያ/0-n-classic-rock-on-radio-1,2026-04-23
https://themegaradio.com/am/station/0-n-classic-rock-on-radio-1,2026-04-23
https://themegaradio.com/en/station/0-n-classic-rock-on-radio,2026-04-23
https://themegaradio.com/station/0-n-classic-rock-on-radio,2026-04-23
https://themegaradio.com/af/stasie/kiss-1031,2026-04-23
https://themegaradio.com/af/station/kiss-1031,2026-04-23
https://themegaradio.com/en/station/kiss-103-1,2026-04-23
https://themegaradio.com/station/kiss-103-1,2026-04-23
https://themegaradio.com/en/station/one-fm-91-3,2026-04-23
https://themegaradio.com/et/jaam/one-fm-913,2026-04-23
https://themegaradio.com/et/station/one-fm-913,2026-04-23
https://themegaradio.com/station/one-fm-91-3,2026-04-23
https://themegaradio.com/am/ጣቢያ/entrancedfm,2026-04-23
https://themegaradio.com/am/station/entrancedfm,2026-04-23
https://themegaradio.com/en/station/entranced-fm,2026-04-23
https://themegaradio.com/station/entranced-fm,2026-04-23
https://themegaradio.com/am/ጣቢያ/wiqh-883-concord-carlisle-hs-ma-student-radio,2026-04-23
https://themegaradio.com/am/station/wiqh-883-concord-carlisle-hs-ma-student-radio,2026-04-23
https://themegaradio.com/en/station/wiqh-88-3-concord-carlisle-hs-ma-student-radio,2026-04-23
https://themegaradio.com/station/wiqh-88-3-concord-carlisle-hs-ma-student-radio,2026-04-23
https://themegaradio.com/af/stasie/-911,2026-04-23
https://themegaradio.com/af/station/-911,2026-04-23
https://themegaradio.com/en/station/gan-su-xin-wen-zong-he-guang-bo,2026-04-23
https://themegaradio.com/station/gan-su-xin-wen-zong-he-guang-bo,2026-04-23
https://themegaradio.com/am/ጣቢያ/fm1065-2,2026-04-23
https://themegaradio.com/am/station/fm1065-2,2026-04-23
https://themegaradio.com/en/station/shi-san-shi-guang-bo-dian-shi-tai-fm106-5,2026-04-23
https://themegaradio.com/station/shi-san-shi-guang-bo-dian-shi-tai-fm106-5,2026-04-23
https://themegaradio.com/ar/mahta/915-jazz-and-more,2026-04-23
https://themegaradio.com/ar/station/915-jazz-and-more,2026-04-23
https://themegaradio.com/en/station/91-5-jazz-and-more,2026-04-23
https://themegaradio.com/station/91-5-jazz-and-more,2026-04-23
https://themegaradio.com/en,2026-04-23
https://themegaradio.com/am/ጣቢያ/13c-radio,2026-04-23
https://themegaradio.com/am/station/13c-radio,2026-04-23
https://themegaradio.com/af/stasie/radio-vm1-wien,2026-04-22
https://themegaradio.com/af/station/radio-vm1-wien,2026-04-22
https://themegaradio.com/de/sender/power-pop-1,2026-04-22
https://themegaradio.com/de/sender/radyo-iran,2026-04-22
https://themegaradio.com/de/sender/radyo-7-1,2026-04-22
https://themegaradio.com/de/sender/austrian-rock-radio,2026-04-22
https://themegaradio.com/de/sender/fm4-orf,2026-04-22
https://themegaradio.com/de/sender/kronehit-radio-1,2026-04-22
https://themegaradio.com/tr,2026-04-22
https://themegaradio.com/de,2026-04-22
https://themegaradio.com/bn/স্টেশন/gentle-praise-from-family-life,2026-04-22
https://themegaradio.com/bn/station/gentle-praise-from-family-life,2026-04-22
https://themegaradio.com/ae/mahta/j1-hits-http,2026-04-22
https://themegaradio.com/ae/station/j1-hits-http,2026-04-22
https://themegaradio.com/af/stasie/mynoise-ocean-waves,2026-04-22
https://themegaradio.com/af/station/mynoise-ocean-waves,2026-04-22
https://themegaradio.com/af/stasie/-111,2026-04-22
https://themegaradio.com/af/station/-111,2026-04-22
https://themegaradio.com/ar/mahta/fm1068,2026-04-22
https://themegaradio.com/ar/station/fm1068,2026-04-22
https://themegaradio.com/am/ጣቢያ/wnop-740-sacred-heart-radio-newport-ky,2026-04-22
https://themegaradio.com/am/station/wnop-740-sacred-heart-radio-newport-ky,2026-04-22
https://themegaradio.com/zh/电台/salsa-one-radio,2026-04-21
https://themegaradio.com/zh/station/salsa-one-radio,2026-04-21
https://themegaradio.com/it/station/flux-fm-fluxforward,2026-04-21
https://themegaradio.com/it/stazione/flux-fm-fluxforward,2026-04-21
https://themegaradio.com/en/station/to-pikap-1,2026-04-20
https://themegaradio.com/station/to-pikap-1,2026-04-20
https://themegaradio.com/am/ጣቢያ/gotradio-alternative-rock,2026-04-20
https://themegaradio.com/am/station/gotradio-alternative-rock,2026-04-20
https://themegaradio.com/sv/station/pond-station,2026-04-20
https://themegaradio.com/bn/স্টেশন/radio-art-vocal-jazz-1,2026-04-20
https://themegaradio.com/bn/station/radio-art-vocal-jazz-1,2026-04-20
https://themegaradio.com/ye/mahta/radio-vlr-classic-christmas,2026-04-19
https://themegaradio.com/ye/station/radio-vlr-classic-christmas,2026-04-19
https://themegaradio.com/tr/istasyon/kronehit-digital,2026-04-19
https://themegaradio.com/am/ጣቢያ/sfliny-spotlight-radio,2026-04-19
https://themegaradio.com/am/station/sfliny-spotlight-radio,2026-04-19
https://themegaradio.com/ar/mahta/-1975,2026-04-19
https://themegaradio.com/ar/station/-1975,2026-04-19
https://themegaradio.com/am/ጣቢያ/france24-arabic,2026-04-19
https://themegaradio.com/am/station/france24-arabic,2026-04-19
https://themegaradio.com/am/ጣቢያ/philly-gold-radio-1,2026-04-19
https://themegaradio.com/am/station/philly-gold-radio-1,2026-04-19
https://themegaradio.com/in/station/eldoradio-alternative-channel,2026-04-19
https://themegaradio.com/ar/mahta/-831,2026-04-19
https://themegaradio.com/ar/station/-831,2026-04-19
https://themegaradio.com/fi/asema/htd-radio-hit-the-dark,2026-04-19
https://themegaradio.com/fi/station/htd-radio-hit-the-dark,2026-04-19
https://themegaradio.com/pl/stacja/erf-plus-oesterreich-192k-a1,2026-04-19
https://themegaradio.com/pl/station/erf-plus-oesterreich-192k-a1,2026-04-19
https://themegaradio.com/sk/station/studio-arxontissa,2026-04-19
https://themegaradio.com/am/ጣቢያ/850-wftl,2026-04-18
https://themegaradio.com/am/station/850-wftl,2026-04-18
https://themegaradio.com/da/station/jazz-ethiopia-world,2026-04-18
https://themegaradio.com/lt/station/somafm-the-dark-zone-32k-aac,2026-04-18
https://themegaradio.com/lt/stotis/somafm-the-dark-zone-32k-aac,2026-04-18
https://themegaradio.com/lt/station/the-wolf-nordhessen,2026-04-18
https://themegaradio.com/lt/stotis/the-wolf-nordhessen,2026-04-18
https://themegaradio.com/lv/stacija/radio-del-mar-987,2026-04-18
https://themegaradio.com/lv/station/radio-del-mar-987,2026-04-18
https://themegaradio.com/sk/stanica/radio-hoyer-1-1019,2026-04-18
https://themegaradio.com/sk/station/radio-hoyer-1-1019,2026-04-18
https://themegaradio.com/hr/stanica/like-884-fm,2026-04-18
https://themegaradio.com/hr/station/like-884-fm,2026-04-18
https://themegaradio.com/fi/asema/0-n-hits-on-radio-1,2026-04-18
https://themegaradio.com/fi/station/0-n-hits-on-radio-1,2026-04-18
https://themegaradio.com/fi/asema/fluxfm-hippie-trippy-garden-pretty-2,2026-04-18
https://themegaradio.com/fi/station/fluxfm-hippie-trippy-garden-pretty-2,2026-04-18
https://themegaradio.com/pl/stacja/radio-caprice-jazz-rock,2026-04-18
https://themegaradio.com/pl/station/radio-caprice-jazz-rock,2026-04-18
https://themegaradio.com/lv/stacija/wlth-gary-indiana,2026-04-18
https://themegaradio.com/lv/station/wlth-gary-indiana,2026-04-18
https://themegaradio.com/th/สถานี/glam-fm-963,2026-04-18
https://themegaradio.com/th/station/glam-fm-963,2026-04-18
https://themegaradio.com/lt/station/radio-galega,2026-04-18
https://themegaradio.com/lt/stotis/radio-galega,2026-04-18
https://themegaradio.com/ro/statie/harvest-family-radio-guam,2026-04-18
https://themegaradio.com/ro/station/harvest-family-radio-guam,2026-04-18
https://themegaradio.com/da/station/monte-carlo-4,2026-04-18
https://themegaradio.com/fr/station/energy-mnchen,2026-04-18
https://themegaradio.com/lv/stacija/prayer-tower-radio-kampala-mp3,2026-04-18
https://themegaradio.com/lv/station/prayer-tower-radio-kampala-mp3,2026-04-18
https://themegaradio.com/hr/stanica/dj-trigon_manually-added,2026-04-18
https://themegaradio.com/hr/station/dj-trigon_manually-added,2026-04-18
https://themegaradio.com/ru/stantsiya/suave-fm-1025-tegucigalpa,2026-04-18
https://themegaradio.com/ru/station/suave-fm-1025-tegucigalpa,2026-04-18
https://themegaradio.com/fi/asema/radio-grand-ciel-1,2026-04-18
https://themegaradio.com/fi/station/radio-grand-ciel-1,2026-04-18
https://themegaradio.com/no/stasjon/wftu-1570-five-towns-college-riverhead-ny,2026-04-18
https://themegaradio.com/no/station/wftu-1570-five-towns-college-riverhead-ny,2026-04-18
https://themegaradio.com/lv/stacija/kinozaltv-1,2026-04-18
https://themegaradio.com/lv/station/kinozaltv-1,2026-04-18
https://themegaradio.com/fr/station/kinozaltv-1,2026-04-18
https://themegaradio.com/no/stasjon/radio-cbb-1054-fm,2026-04-18
https://themegaradio.com/no/station/radio-cbb-1054-fm,2026-04-18
https://themegaradio.com/et/jaam/1046-rtl-luxus-hits,2026-04-18
https://themegaradio.com/et/station/1046-rtl-luxus-hits,2026-04-18
https://themegaradio.com/sv/station/nice-radio-1,2026-04-18
https://themegaradio.com/lt/station/my-fm-895,2026-04-18
https://themegaradio.com/lt/stotis/my-fm-895,2026-04-18
https://themegaradio.com/pl/stacja/juraini-radio,2026-04-18
https://themegaradio.com/pl/station/juraini-radio,2026-04-18
https://themegaradio.com/ro/statie/103-4,2026-04-18
https://themegaradio.com/ro/station/103-4,2026-04-18
https://themegaradio.com/it/station/rpr1-rock-1,2026-04-18
https://themegaradio.com/it/stazione/rpr1-rock-1,2026-04-18
https://themegaradio.com/no/stasjon/rautemusik-techhouse-1,2026-04-18
https://themegaradio.com/no/station/rautemusik-techhouse-1,2026-04-18
https://themegaradio.com/no/stasjon/fm-128-kbps-mp3,2026-04-18
https://themegaradio.com/no/station/fm-128-kbps-mp3,2026-04-18
https://themegaradio.com/hu/radio/i-love-radio-2-dance,2026-04-18
https://themegaradio.com/hu/radios/i-love-radio-2-dance,2026-04-18
https://themegaradio.com/hu/station/i-love-radio-2-dance,2026-04-18
https://themegaradio.com/id/stasiun/radio-almaina-64kbps,2026-04-18
https://themegaradio.com/id/station/radio-almaina-64kbps,2026-04-18
https://themegaradio.com/pl/stacja/latina-reggaeton,2026-04-18
https://themegaradio.com/pl/station/latina-reggaeton,2026-04-18
https://themegaradio.com/fi/asema/radio-teddy-deutschpop-nonstop,2026-04-18
https://themegaradio.com/fi/station/radio-teddy-deutschpop-nonstop,2026-04-18
https://themegaradio.com/fr/station/radioqu-bogor-1,2026-04-18
https://themegaradio.com/pl/stacja/radio-campus-clermont-ferrand,2026-04-18
https://themegaradio.com/pl/station/radio-campus-clermont-ferrand,2026-04-18
https://themegaradio.com/pt/estacao/tst-radio,2026-04-18
https://themegaradio.com/pt/station/tst-radio,2026-04-18
https://themegaradio.com/no/stasjon/radio-te-aroha-88fm,2026-04-18
https://themegaradio.com/no/station/radio-te-aroha-88fm,2026-04-18
https://themegaradio.com/fi/asema/absolut-hot-2,2026-04-18
https://themegaradio.com/fi/station/absolut-hot-2,2026-04-18
https://themegaradio.com/ru/stantsiya/nrj-extravadance,2026-04-18
https://themegaradio.com/ru/station/nrj-extravadance,2026-04-18
https://themegaradio.com/pl/stacja/99-2,2026-04-18
https://themegaradio.com/pl/station/99-2,2026-04-18
https://themegaradio.com/fr/station/idobi,2026-04-18
https://themegaradio.com/pl/stacja/88,2026-04-18
https://themegaradio.com/pl/station/88,2026-04-18
https://themegaradio.com/ar/mahta/petrinjski-radio,2026-04-18
https://themegaradio.com/ar/station/petrinjski-radio,2026-04-18
https://themegaradio.com/af/station/somafm-groove-salad-classic-128k-aac,2026-04-18
https://themegaradio.com/ee/station/free-time-radio,2026-04-18
https://themegaradio.com/lt/station/radio-frmula-cd-juarez-1460-am-cd-juarez-chihuahua,2026-04-18
https://themegaradio.com/lt/stotis/radio-frmula-cd-juarez-1460-am-cd-juarez-chihuahua,2026-04-18
https://themegaradio.com/ro/statie/radio-club-80,2026-04-18
https://themegaradio.com/ro/station/radio-club-80,2026-04-18
https://themegaradio.com/pt/estacao/voltage-lounge,2026-04-18
https://themegaradio.com/pt/station/voltage-lounge,2026-04-18
https://themegaradio.com/lt/station/radio-euskirchen,2026-04-18
https://themegaradio.com/lt/stotis/radio-euskirchen,2026-04-18
https://themegaradio.com/ro/statie/power-earth,2026-04-18
https://themegaradio.com/ro/station/power-earth,2026-04-18
https://themegaradio.com/fi/asema/radio-city-4-you,2026-04-18
https://themegaradio.com/fi/station/radio-city-4-you,2026-04-18
https://themegaradio.com/nl/station/radiogospel,2026-04-18
https://themegaradio.com/sk/stanica/el-radio-podgorica,2026-04-18
https://themegaradio.com/sk/station/el-radio-podgorica,2026-04-18
https://themegaradio.com/fr/station/sr1,2026-04-18
https://themegaradio.com/nl/station/nius,2026-04-18
https://themegaradio.com/th/สถานี/-229,2026-04-18
https://themegaradio.com/th/station/-229,2026-04-18
https://themegaradio.com/hu/radio/spazio-radio,2026-04-18
https://themegaradio.com/hu/radios/spazio-radio,2026-04-18
https://themegaradio.com/hu/station/spazio-radio,2026-04-18
https://themegaradio.com/no/stasjon/radio-kras,2026-04-18
https://themegaradio.com/no/station/radio-kras,2026-04-18
https://themegaradio.com/th/สถานี/somafm-def-con-radio-64k-aac,2026-04-18
https://themegaradio.com/th/station/somafm-def-con-radio-64k-aac,2026-04-18
https://themegaradio.com/ro/statie/radio-eska-lmpreska-warszawa,2026-04-18
https://themegaradio.com/ro/station/radio-eska-lmpreska-warszawa,2026-04-18
https://themegaradio.com/es/estacion/top-fm-rdi,2026-04-18
https://themegaradio.com/es/station/top-fm-rdi,2026-04-18
https://themegaradio.com/fr/station/radio-art-lounge,2026-04-18
https://themegaradio.com/pt/estacao/sifa-fm-kampala-mp3,2026-04-18
https://themegaradio.com/pt/station/sifa-fm-kampala-mp3,2026-04-18
https://themegaradio.com/pl/stacja/radio-pianeta,2026-04-18
https://themegaradio.com/pl/station/radio-pianeta,2026-04-18
https://themegaradio.com/ro/statie/you-987,2026-04-18
https://themegaradio.com/ro/station/you-987,2026-04-18
https://themegaradio.com/sk/stanica/radiojazz,2026-04-18
https://themegaradio.com/sk/station/radiojazz,2026-04-18
https://themegaradio.com/th/สถานี/radio-estrella-del-norte,2026-04-18
https://themegaradio.com/th/station/radio-estrella-del-norte,2026-04-18
https://themegaradio.com/fi/asema/whav,2026-04-18
https://themegaradio.com/fi/station/whav,2026-04-18
https://themegaradio.com/hu/radio/somafm-bossa-beyond-128k-mp3,2026-04-18
https://themegaradio.com/hu/radios/somafm-bossa-beyond-128k-mp3,2026-04-18
https://themegaradio.com/hu/station/somafm-bossa-beyond-128k-mp3,2026-04-18
https://themegaradio.com/it/station/zet-pop-rock,2026-04-18
https://themegaradio.com/it/stazione/zet-pop-rock,2026-04-18
https://themegaradio.com/fi/asema/radio-kansas,2026-04-18
https://themegaradio.com/fi/station/radio-kansas,2026-04-18
https://themegaradio.com/hu/radio/941-bilal-fm,2026-04-18
https://themegaradio.com/hu/radios/941-bilal-fm,2026-04-18
https://themegaradio.com/hu/station/941-bilal-fm,2026-04-18
https://themegaradio.com/hr/stanica/kvod-881-colorado-public-radio-classical-denver-co-mp3,2026-04-18
https://themegaradio.com/hr/station/kvod-881-colorado-public-radio-classical-denver-co-mp3,2026-04-18
https://themegaradio.com/th/สถานี/962fm,2026-04-18
https://themegaradio.com/th/station/962fm,2026-04-18
https://themegaradio.com/th/สถานี/youngblood-radio,2026-04-18
https://themegaradio.com/th/station/youngblood-radio,2026-04-18
https://themegaradio.com/lt/station/radio-san-loznica,2026-04-18
https://themegaradio.com/lt/stotis/radio-san-loznica,2026-04-18
https://themegaradio.com/am/ጣቢያ/p4-norrbotten,2026-04-18
https://themegaradio.com/am/station/p4-norrbotten,2026-04-18
https://themegaradio.com/bg/stantsiya/-350,2026-04-18
https://themegaradio.com/bg/station/-350,2026-04-18
https://themegaradio.com/ru/stantsiya/vcr-venice-classic-radio-auditorium,2026-04-18
https://themegaradio.com/ru/station/vcr-venice-classic-radio-auditorium,2026-04-18
https://themegaradio.com/th/สถานี/radio-index,2026-04-18
https://themegaradio.com/th/station/radio-index,2026-04-18
https://themegaradio.com/sv/station/radio-vestea-buna,2026-04-18
https://themegaradio.com/nl/station/-2091,2026-04-18
https://themegaradio.com/fi/asema/studio-nl,2026-04-18
https://themegaradio.com/fi/station/studio-nl,2026-04-18
https://themegaradio.com/hu/radio/-1708,2026-04-18
https://themegaradio.com/hu/radios/-1708,2026-04-18
https://themegaradio.com/hu/station/-1708,2026-04-18
https://themegaradio.com/de/sender/kweiyang-traffic-radio,2026-04-18
https://themegaradio.com/de/station/kweiyang-traffic-radio,2026-04-18
https://themegaradio.com/bg/stantsiya/almodvar-en-la-onda-1072-fm,2026-04-18
https://themegaradio.com/bg/station/almodvar-en-la-onda-1072-fm,2026-04-18
https://themegaradio.com/th/สถานี/-477,2026-04-18
https://themegaradio.com/th/station/-477,2026-04-18
https://themegaradio.com/th/สถานี/radio-rto-trance,2026-04-18
https://themegaradio.com/th/station/radio-rto-trance,2026-04-18
https://themegaradio.com/am/ጣቢያ/zig-fm-1008-ziguinchor,2026-04-18
https://themegaradio.com/am/station/zig-fm-1008-ziguinchor,2026-04-18
https://themegaradio.com/bn/স্টেশন/kozt-the-coast-fm-hls,2026-04-18
https://themegaradio.com/bn/station/kozt-the-coast-fm-hls,2026-04-18
https://themegaradio.com/hr/stanica/radio-te-aroha-88fm,2026-04-18
https://themegaradio.com/hr/station/radio-te-aroha-88fm,2026-04-18
https://themegaradio.com/es/estacion/radio-antena-braovului,2026-04-18
https://themegaradio.com/es/station/radio-antena-braovului,2026-04-18
https://themegaradio.com/sk/stanica/radio-palau,2026-04-18
https://themegaradio.com/sk/station/radio-palau,2026-04-18
https://themegaradio.com/ar/mahta/radio-107-moscow,2026-04-18
https://themegaradio.com/ar/station/radio-107-moscow,2026-04-18
https://themegaradio.com/ar/mahta/edutecnica-salta,2026-04-18
https://themegaradio.com/ar/station/edutecnica-salta,2026-04-18
https://themegaradio.com/am/ጣቢያ/passion-talk,2026-04-18
https://themegaradio.com/am/station/passion-talk,2026-04-18
https://themegaradio.com/am/ጣቢያ/kawc-arizona-community-radiomusic,2026-04-18
https://themegaradio.com/am/station/kawc-arizona-community-radiomusic,2026-04-18
https://themegaradio.com/el/σταθμος/-845,2026-04-18
https://themegaradio.com/el/station/-845,2026-04-18
https://themegaradio.com/bn/স্টেশন/shabazz-radio,2026-04-18
https://themegaradio.com/bn/station/shabazz-radio,2026-04-18
https://themegaradio.com/bg/stantsiya/radioart,2026-04-18
https://themegaradio.com/bg/station/radioart,2026-04-18
https://themegaradio.com/ye/mahta/fm97-1,2026-04-18
https://themegaradio.com/ye/station/fm97-1,2026-04-18
https://themegaradio.com/nl/station/radio-frecuencia-100-trujillo,2026-04-18
https://themegaradio.com/da/station/987-mutundwe-christian-fellowship,2026-04-18
https://themegaradio.com/it/station/radio-canela-guayas-905-fm,2026-04-18
https://themegaradio.com/it/stazione/radio-canela-guayas-905-fm,2026-04-18
https://themegaradio.com/id/stasiun/radio-antenna-adriatica,2026-04-18
https://themegaradio.com/id/station/radio-antenna-adriatica,2026-04-18
https://themegaradio.com/fr/station/vida-acapulco-897-fm-xhkj-fm-grupo-audiorama-comunicaciones-acapulco-guerrero,2026-04-18
https://themegaradio.com/ru/stantsiya/energy-942,2026-04-18
https://themegaradio.com/ru/station/energy-942,2026-04-18
https://themegaradio.com/fr/station/916-fm-2,2026-04-18
https://themegaradio.com/hr/stanica/listnr-top-30-1,2026-04-18
https://themegaradio.com/hr/station/listnr-top-30-1,2026-04-18
https://themegaradio.com/da/station/radio-jagriti-904-fm,2026-04-18
https://themegaradio.com/sv/station/wooc-1053-fm-troy-ny-the-sanctuary-for-independent-media,2026-04-18
https://themegaradio.com/sv/station/rencordradio,2026-04-18
https://themegaradio.com/th/สถานี/radio-bio-bio-temuco,2026-04-18
https://themegaradio.com/th/station/radio-bio-bio-temuco,2026-04-18
https://themegaradio.com/th/สถานี/radio-bodun-1055-reykjavik,2026-04-18
https://themegaradio.com/th/station/radio-bodun-1055-reykjavik,2026-04-18
https://themegaradio.com/hr/stanica/web-rdio-soul-black-fm,2026-04-18
https://themegaradio.com/hr/station/web-rdio-soul-black-fm,2026-04-18
https://themegaradio.com/hr/stanica/radi-caprice-jazz-rock,2026-04-18
https://themegaradio.com/hr/station/radi-caprice-jazz-rock,2026-04-18
https://themegaradio.com/lt/station/slon-radio-tuzla,2026-04-18
https://themegaradio.com/lt/stotis/slon-radio-tuzla,2026-04-18
https://themegaradio.com/ar/mahta/1-splash-60s,2026-04-18
https://themegaradio.com/ar/station/1-splash-60s,2026-04-18
https://themegaradio.com/bn/স্টেশন/radiostorm-oldies-104-1,2026-04-18
https://themegaradio.com/bn/station/radiostorm-oldies-104-1,2026-04-18
https://themegaradio.com/es/estacion/praiseworld-radio,2026-04-18
https://themegaradio.com/es/station/praiseworld-radio,2026-04-18
https://themegaradio.com/sk/stanica/mundo-fm,2026-04-18
https://themegaradio.com/sk/station/mundo-fm,2026-04-18
https://themegaradio.com/hr/stanica/rtbf-classic-21-live,2026-04-18
https://themegaradio.com/hr/station/rtbf-classic-21-live,2026-04-18
https://themegaradio.com/hr/stanica/1029-fm,2026-04-18
https://themegaradio.com/hr/station/1029-fm,2026-04-18
https://themegaradio.com/hu/radio/rainbow-gospel-radio,2026-04-18
https://themegaradio.com/hu/radios/rainbow-gospel-radio,2026-04-18
https://themegaradio.com/hu/station/rainbow-gospel-radio,2026-04-18
https://themegaradio.com/pl/stacja/rnz-parliament-mp3-sanctuary-outside-parliament-hours,2026-04-18
https://themegaradio.com/pl/station/rnz-parliament-mp3-sanctuary-outside-parliament-hours,2026-04-18
https://themegaradio.com/ro/statie/socialnetua,2026-04-18
https://themegaradio.com/ro/station/socialnetua,2026-04-18
https://themegaradio.com/it/station/radio-caprice-psybient,2026-04-18
https://themegaradio.com/it/stazione/radio-caprice-psybient,2026-04-18
https://themegaradio.com/es/estacion/i-love-radio-top-100-charts,2026-04-18
https://themegaradio.com/es/station/i-love-radio-top-100-charts,2026-04-18
https://themegaradio.com/es/estacion/kbrw-680-am,2026-04-18
https://themegaradio.com/es/station/kbrw-680-am,2026-04-18
https://themegaradio.com/hr/stanica/fly-fm,2026-04-18
https://themegaradio.com/hr/station/fly-fm,2026-04-18
https://themegaradio.com/hr/stanica/hitsofbollywood,2026-04-18
https://themegaradio.com/hr/station/hitsofbollywood,2026-04-18
https://themegaradio.com/id/stasiun/radio-peinard,2026-04-18
https://themegaradio.com/id/station/radio-peinard,2026-04-18
https://themegaradio.com/fr/station/ak-studenckie-radio-politechniki-dzkiej,2026-04-18
https://themegaradio.com/nl/station/nrj-limoges-991-fm,2026-04-18
https://themegaradio.com/lv/stacija/espacio4fm,2026-04-18
https://themegaradio.com/lv/station/espacio4fm,2026-04-18
https://themegaradio.com/pl/stacja/la-radio-plus-annecy,2026-04-18
https://themegaradio.com/pl/station/la-radio-plus-annecy,2026-04-18
https://themegaradio.com/no/stasjon/voa-learning-english,2026-04-18
https://themegaradio.com/no/station/voa-learning-english,2026-04-18
https://themegaradio.com/et/jaam/radio-central-clasista-de-trabajadores,2026-04-18
https://themegaradio.com/et/station/radio-central-clasista-de-trabajadores,2026-04-18
https://themegaradio.com/id/stasiun/chante-france-60s-1,2026-04-18
https://themegaradio.com/id/station/chante-france-60s-1,2026-04-18
https://themegaradio.com/hr/stanica/tropical-tarapoto,2026-04-18
https://themegaradio.com/hr/station/tropical-tarapoto,2026-04-18
https://themegaradio.com/ru/stantsiya/radio-alpenwelle,2026-04-18
https://themegaradio.com/ru/station/radio-alpenwelle,2026-04-18
https://themegaradio.com/hr/stanica/-1906,2026-04-18
https://themegaradio.com/hr/station/-1906,2026-04-18
https://themegaradio.com/hr/stanica/-1556,2026-04-18
https://themegaradio.com/hr/station/-1556,2026-04-18
https://themegaradio.com/ro/statie/la-invasora-1019-fm-hermosillo,2026-04-18
https://themegaradio.com/ro/station/la-invasora-1019-fm-hermosillo,2026-04-18
https://themegaradio.com/hr/stanica/starbox-country-classic,2026-04-18
https://themegaradio.com/hr/station/starbox-country-classic,2026-04-18
https://themegaradio.com/pl/stacja/radio-readymix,2026-04-18
https://themegaradio.com/pl/station/radio-readymix,2026-04-18
https://themegaradio.com/bg/stantsiya/radi-caprice-jazz-rock,2026-04-18
https://themegaradio.com/bg/station/radi-caprice-jazz-rock,2026-04-18
https://themegaradio.com/pt/estacao/radio-tempte,2026-04-18
https://themegaradio.com/pt/station/radio-tempte,2026-04-18
https://themegaradio.com/no/stasjon/suave-fm-1025-tegucigalpa,2026-04-18
https://themegaradio.com/no/station/suave-fm-1025-tegucigalpa,2026-04-18
https://themegaradio.com/th/สถานี/ouest-track-radio,2026-04-18
https://themegaradio.com/th/station/ouest-track-radio,2026-04-18
https://themegaradio.com/id/stasiun/-1403,2026-04-18
https://themegaradio.com/id/station/-1403,2026-04-18
https://themegaradio.com/pt/estacao/rdio-mania-fm,2026-04-17
https://themegaradio.com/pt/station/rdio-mania-fm,2026-04-17
https://themegaradio.com/ru/stantsiya/radio-suno-917-fm,2026-04-17
https://themegaradio.com/ru/station/radio-suno-917-fm,2026-04-17
https://themegaradio.com/id/stasiun/lagoon-fm,2026-04-17
https://themegaradio.com/id/station/lagoon-fm,2026-04-17
https://themegaradio.com/da/station/exa-fm-ciudad-victoria-945-fm-xhbj-fm-ort-radio-ciudad-victoria-tamaulipas,2026-04-17
https://themegaradio.com/fi/asema/radio-heaven,2026-04-17
https://themegaradio.com/fi/station/radio-heaven,2026-04-17
https://themegaradio.com/id/stasiun/radio-unicit,2026-04-17
https://themegaradio.com/id/station/radio-unicit,2026-04-17
https://themegaradio.com/hu/radio/radio-maximum-linkin-park,2026-04-17
https://themegaradio.com/hu/radios/radio-maximum-linkin-park,2026-04-17
https://themegaradio.com/hu/station/radio-maximum-linkin-park,2026-04-17
https://themegaradio.com/et/jaam/rock-antenne-classic-perlen,2026-04-17
https://themegaradio.com/et/station/rock-antenne-classic-perlen,2026-04-17
https://themegaradio.com/es/estacion/radio-caprice-progressive-metal,2026-04-17
https://themegaradio.com/es/station/radio-caprice-progressive-metal,2026-04-17
https://themegaradio.com/th/สถานี/lagoon-fm,2026-04-17
https://themegaradio.com/th/station/lagoon-fm,2026-04-17
https://themegaradio.com/sv/station/estonian-party-radio,2026-04-17
https://themegaradio.com/fr/station/the-hits,2026-04-17
https://themegaradio.com/th/สถานี/prime-radio-ug,2026-04-17
https://themegaradio.com/th/station/prime-radio-ug,2026-04-17
https://themegaradio.com/id/station/rtbf-classic-21-live,2026-04-17
https://themegaradio.com/nl/station/loca-fm-live,2026-04-17
https://themegaradio.com/sv/station/radio-calvi-citadelle,2026-04-17
https://themegaradio.com/ro/statie/radio-continu,2026-04-17
https://themegaradio.com/ro/station/radio-continu,2026-04-17
https://themegaradio.com/da/station/radio-tiempo,2026-04-17
https://themegaradio.com/id/stasiun/radio-maria-nederland,2026-04-17
https://themegaradio.com/id/station/radio-maria-nederland,2026-04-17
https://themegaradio.com/ru/stantsiya/radiobob-unplugged-64-kbps-aac,2026-04-17
https://themegaradio.com/ru/station/radiobob-unplugged-64-kbps-aac,2026-04-17
https://themegaradio.com/et/jaam/891-masaba-fm,2026-04-17
https://themegaradio.com/et/station/891-masaba-fm,2026-04-17
https://themegaradio.com/no/stasjon/radio-italo4you-256kbps,2026-04-17
https://themegaradio.com/no/station/radio-italo4you-256kbps,2026-04-17
https://themegaradio.com/sv/station/starfm-from-hell,2026-04-17
https://themegaradio.com/et/jaam/france-bleu-touraine,2026-04-17
https://themegaradio.com/et/station/france-bleu-touraine,2026-04-17
https://themegaradio.com/fr/station/-2441,2026-04-17
https://themegaradio.com/hu/radio/americana-boogie-radio,2026-04-17
https://themegaradio.com/hu/radios/americana-boogie-radio,2026-04-17
https://themegaradio.com/hu/station/americana-boogie-radio,2026-04-17
https://themegaradio.com/sv/station/radio-continu,2026-04-17
https://themegaradio.com/ro/statie/old-radio-32,2026-04-17
https://themegaradio.com/ro/station/old-radio-32,2026-04-17
https://themegaradio.com/hr/stanica/radio-progreso,2026-04-17
https://themegaradio.com/hr/station/radio-progreso,2026-04-17
https://themegaradio.com/hu/radio/difusora-treinta-y-tres-1390-am,2026-04-17
https://themegaradio.com/hu/radios/difusora-treinta-y-tres-1390-am,2026-04-17
https://themegaradio.com/hu/station/difusora-treinta-y-tres-1390-am,2026-04-17
https://themegaradio.com/ar/mahta/ltfm-radio,2026-04-17
https://themegaradio.com/ar/station/ltfm-radio,2026-04-17
https://themegaradio.com/hu/radio/ndr-info-spezial-aac-64kbits,2026-04-17
https://themegaradio.com/hu/radios/ndr-info-spezial-aac-64kbits,2026-04-17
https://themegaradio.com/hu/station/ndr-info-spezial-aac-64kbits,2026-04-17
https://themegaradio.com/bg/stantsiya/1041-favour-fm-the-heartbeat-of-god-gulu-1041-fm,2026-04-17
https://themegaradio.com/bg/station/1041-favour-fm-the-heartbeat-of-god-gulu-1041-fm,2026-04-17
https://themegaradio.com/pl/stacja/radyo-yalova,2026-04-17
https://themegaradio.com/pl/station/radyo-yalova,2026-04-17
https://themegaradio.com/hr/stanica/radio-maria-middle-east,2026-04-17
https://themegaradio.com/hr/station/radio-maria-middle-east,2026-04-17
https://themegaradio.com/sk/stanica/fm-1065-gr,2026-04-17
https://themegaradio.com/sk/station/fm-1065-gr,2026-04-17
https://themegaradio.com/bg/stantsiya/form3l-eins-retro-radio-saar,2026-04-17
https://themegaradio.com/bg/station/form3l-eins-retro-radio-saar,2026-04-17
https://themegaradio.com/ae/mahta/star-fm-1019-grenada,2026-04-17
https://themegaradio.com/ae/station/star-fm-1019-grenada,2026-04-17
https://themegaradio.com/es/estacion/air-vbs-ahmedabad,2026-04-17
https://themegaradio.com/es/station/air-vbs-ahmedabad,2026-04-17
https://themegaradio.com/bn/স্টেশন/ok-fm-legazpi-1,2026-04-17
https://themegaradio.com/bn/station/ok-fm-legazpi-1,2026-04-17
https://themegaradio.com/it/station/radio-regenbogen-sommerhits-1,2026-04-17
https://themegaradio.com/it/stazione/radio-regenbogen-sommerhits-1,2026-04-17
https://themegaradio.com/lt/station/radio-zusa-2,2026-04-17
https://themegaradio.com/lt/stotis/radio-zusa-2,2026-04-17
https://themegaradio.com/fr/station/ndr-blue-aac,2026-04-17
https://themegaradio.com/sv/station/x96,2026-04-17
https://themegaradio.com/th/สถานี/radio-star-mix,2026-04-17
https://themegaradio.com/th/station/radio-star-mix,2026-04-17
https://themegaradio.com/fi/asema/radio-dimensione-italia,2026-04-17
https://themegaradio.com/fi/station/radio-dimensione-italia,2026-04-17
https://themegaradio.com/bg/stantsiya/jazzradiofr-jazz-manouche,2026-04-17
https://themegaradio.com/bg/station/jazzradiofr-jazz-manouche,2026-04-17
https://themegaradio.com/ru/stantsiya/megalopolis-fm,2026-04-17
https://themegaradio.com/ru/station/megalopolis-fm,2026-04-17
https://themegaradio.com/pl/stacja/house-monkeys-by-scoutlounge,2026-04-17
https://themegaradio.com/pl/station/house-monkeys-by-scoutlounge,2026-04-17
https://themegaradio.com/id/stasiun/panorama-fm,2026-04-17
https://themegaradio.com/id/station/panorama-fm,2026-04-17
https://themegaradio.com/ru/stantsiya/lotus-macau-radio-1062-am,2026-04-17
https://themegaradio.com/ru/station/lotus-macau-radio-1062-am,2026-04-17
https://themegaradio.com/es/estacion/nrj-caen-1014-fm,2026-04-17
https://themegaradio.com/es/station/nrj-caen-1014-fm,2026-04-17
https://themegaradio.com/no/stasjon/rtrfm-1,2026-04-17
https://themegaradio.com/no/station/rtrfm-1,2026-04-17
https://themegaradio.com/th/สถานี/rpr12000er-1,2026-04-17
https://themegaradio.com/th/station/rpr12000er-1,2026-04-17
https://themegaradio.com/sk/stanica/synthetic-fm-the-radio-for-the-synth-lovers,2026-04-17
https://themegaradio.com/sk/station/synthetic-fm-the-radio-for-the-synth-lovers,2026-04-17
https://themegaradio.com/id/stasiun/rdio-globo-rio-de-janeiro,2026-04-17
https://themegaradio.com/id/station/rdio-globo-rio-de-janeiro,2026-04-17
https://themegaradio.com/it/station/schwany-radio-blss,2026-04-17
https://themegaradio.com/it/stazione/schwany-radio-blss,2026-04-17
https://themegaradio.com/nl/station/radio-qualita,2026-04-17
https://themegaradio.com/no/stasjon/stereo-uno-los-mochis,2026-04-17
https://themegaradio.com/no/station/stereo-uno-los-mochis,2026-04-17
https://themegaradio.com/th/สถานี/radio-cecchetto,2026-04-17
https://themegaradio.com/th/station/radio-cecchetto,2026-04-17
https://themegaradio.com/ar/mahta/dancefloor-radio,2026-04-17
https://themegaradio.com/ar/station/dancefloor-radio,2026-04-17
https://themegaradio.com/nl/station/radio-heaven,2026-04-17
https://themegaradio.com/it/station/xevfs-am-la-voz-de-la-frontera-sur,2026-04-17
https://themegaradio.com/it/stazione/xevfs-am-la-voz-de-la-frontera-sur,2026-04-17
https://themegaradio.com/id/stasiun/radio-estrella-del-mar-1,2026-04-17
https://themegaradio.com/id/station/radio-estrella-del-mar-1,2026-04-17
https://themegaradio.com/no/stasjon/rox-fm-1055-roxby-downs,2026-04-17
https://themegaradio.com/no/station/rox-fm-1055-roxby-downs,2026-04-17
https://themegaradio.com/nl/station/921-1,2026-04-17
https://themegaradio.com/nl/station/radio-caprice-glitch-glitch-hop-2,2026-04-17
https://themegaradio.com/sv/station/m1fm-rock,2026-04-17
https://themegaradio.com/th/สถานี/chdi-sonic-1029-edmonton-ab,2026-04-17
https://themegaradio.com/th/station/chdi-sonic-1029-edmonton-ab,2026-04-17
https://themegaradio.com/it/station/radio-maximum-britpop,2026-04-17
https://themegaradio.com/it/stazione/radio-maximum-britpop,2026-04-17
https://themegaradio.com/lv/stacija/rdio-paranapanema,2026-04-17
https://themegaradio.com/lv/station/rdio-paranapanema,2026-04-17
https://themegaradio.com/it/station/rosarea-stereo-931-fm,2026-04-17
https://themegaradio.com/it/stazione/rosarea-stereo-931-fm,2026-04-17
https://themegaradio.com/th/station/radio-show,2026-04-17
https://themegaradio.com/zh/电台/vijay-radio,2026-04-17
https://themegaradio.com/zh/station/vijay-radio,2026-04-17
https://themegaradio.com/sk/stanica/tropicana-cali-931-fm,2026-04-17
https://themegaradio.com/sk/station/tropicana-cali-931-fm,2026-04-17
https://themegaradio.com/bd/station/chlq-fm-max-931-charlottetown-pe,2026-04-17
https://themegaradio.com/hr/stanica/el-lobo-de-mina-1009-minatitln-1009-fm-xhmtv-fm-grupo-radio-mina-minatitln-veracruz,2026-04-17
https://themegaradio.com/hr/station/el-lobo-de-mina-1009-minatitln-1009-fm-xhmtv-fm-grupo-radio-mina-minatitln-veracruz,2026-04-17
https://themegaradio.com/af/stasie/little-raleigh-radio-legacy-128-kbps-mp3-stream,2026-04-17
https://themegaradio.com/af/station/little-raleigh-radio-legacy-128-kbps-mp3-stream,2026-04-17
https://themegaradio.com/th/สถานี/rmf-fm-128-kbps,2026-04-17
https://themegaradio.com/th/station/rmf-fm-128-kbps,2026-04-17
https://themegaradio.com/pl/stacja/flux-fm-xradio-90s-channel,2026-04-17
https://themegaradio.com/pl/station/flux-fm-xradio-90s-channel,2026-04-17
https://themegaradio.com/at/sender/pyongyang-radio-fm,2026-04-17
https://themegaradio.com/at/station/pyongyang-radio-fm,2026-04-17
https://themegaradio.com/ro/statie/downtuned,2026-04-17
https://themegaradio.com/ro/station/downtuned,2026-04-17
https://themegaradio.com/pt/estacao/somafm-metal-detector-128k-mp3,2026-04-17
https://themegaradio.com/pt/station/somafm-metal-detector-128k-mp3,2026-04-17
https://themegaradio.com/fr/station/tick-tock-radio-2002,2026-04-17
https://themegaradio.com/es/estacion/aljazeera-english-2,2026-04-17
https://themegaradio.com/es/station/aljazeera-english-2,2026-04-17
https://themegaradio.com/nl/station/kupreskiradio,2026-04-17
https://themegaradio.com/id/stasiun/radio-mainwelle-1043,2026-04-17
https://themegaradio.com/id/station/radio-mainwelle-1043,2026-04-17
https://themegaradio.com/sv/station/radio-fiesta-2,2026-04-17
https://themegaradio.com/lt/station/derti-986,2026-04-17
https://themegaradio.com/lt/stotis/derti-986,2026-04-17
https://themegaradio.com/pl/stacja/radio-bavaria-international,2026-04-17
https://themegaradio.com/pl/station/radio-bavaria-international,2026-04-17
https://themegaradio.com/hu/radio/epic-classical-classical-music-for-sleep,2026-04-17
https://themegaradio.com/hu/radios/epic-classical-classical-music-for-sleep,2026-04-17
https://themegaradio.com/hu/station/epic-classical-classical-music-for-sleep,2026-04-17
https://themegaradio.com/ro/statie/horizonte-1079-cdmx-1079-fm-xhimr-fm-imer-ciudad-de-mxico,2026-04-17
https://themegaradio.com/ro/station/horizonte-1079-cdmx-1079-fm-xhimr-fm-imer-ciudad-de-mxico,2026-04-17
https://themegaradio.com/lt/station/al-ansaar-radio,2026-04-17
https://themegaradio.com/lt/stotis/al-ansaar-radio,2026-04-17
https://themegaradio.com/sk/stanica/fm925,2026-04-17
https://themegaradio.com/sk/station/fm925,2026-04-17
https://themegaradio.com/fr/station/hit1047-canberra-1047-fm-mp3,2026-04-17
https://themegaradio.com/da/station/0-n-chillout-on-radio-2,2026-04-17
https://themegaradio.com/ro/statie/gemeinde-gottes-hamm,2026-04-17
https://themegaradio.com/ro/station/gemeinde-gottes-hamm,2026-04-17
https://themegaradio.com/da/station/1032-2,2026-04-17
https://themegaradio.com/lv/stacija/jeff,2026-04-17
https://themegaradio.com/lv/station/jeff,2026-04-17
https://themegaradio.com/lv/stacija/extreme-radio,2026-04-17
https://themegaradio.com/lv/station/extreme-radio,2026-04-17
https://themegaradio.com/nl/station/radio-frmula-1041-cdmx-1041-fm-xedf-fm-grupo-frmula-ciudad-de-mxico,2026-04-17
https://themegaradio.com/ar/mahta/-2079,2026-04-17
https://themegaradio.com/ar/station/-2079,2026-04-17
https://themegaradio.com/hr/stanica/radio-onda-cero,2026-04-17
https://themegaradio.com/hr/station/radio-onda-cero,2026-04-17
https://themegaradio.com/pl/stacja/radio-fm-centro-917,2026-04-17
https://themegaradio.com/pl/station/radio-fm-centro-917,2026-04-17
https://themegaradio.com/id/stasiun/radio-eureka,2026-04-17
https://themegaradio.com/id/station/radio-eureka,2026-04-17
https://themegaradio.com/hr/stanica/the-disco-planet-1,2026-04-17
https://themegaradio.com/hr/station/the-disco-planet-1,2026-04-17
https://themegaradio.com/fi/asema/daily-hype-radio,2026-04-17
https://themegaradio.com/fi/station/daily-hype-radio,2026-04-17
https://themegaradio.com/hr/stanica/cina-fm-1023-radio-cina-windsor-on,2026-04-17
https://themegaradio.com/hr/station/cina-fm-1023-radio-cina-windsor-on,2026-04-17
https://themegaradio.com/am/ጣቢያ/80s-metal-fm-bestnetradio,2026-04-17
https://themegaradio.com/am/station/80s-metal-fm-bestnetradio,2026-04-17
https://themegaradio.com/bn/স্টেশন/wnoz-953,2026-04-17
https://themegaradio.com/bn/station/wnoz-953,2026-04-17
https://themegaradio.com/ro/statie/la-ke-buena-puebla-897-fm-xhepa-fm-puebla-puebla,2026-04-17
https://themegaradio.com/ro/station/la-ke-buena-puebla-897-fm-xhepa-fm-puebla-puebla,2026-04-17
https://themegaradio.com/sv/station/akous-my-classic,2026-04-17
https://themegaradio.com/lt/station/radio-record-nu-dance,2026-04-17
https://themegaradio.com/lt/stotis/radio-record-nu-dance,2026-04-17
https://themegaradio.com/id/stasiun/80s80s-maxis-1,2026-04-17
https://themegaradio.com/id/station/80s80s-maxis-1,2026-04-17
https://themegaradio.com/lt/station/epic-lounge-summer-lounge,2026-04-17
https://themegaradio.com/lt/stotis/epic-lounge-summer-lounge,2026-04-17
https://themegaradio.com/sk/stanica/-1361,2026-04-17
https://themegaradio.com/sk/station/-1361,2026-04-17
https://themegaradio.com/hu/radio/radio-concierto-891,2026-04-17
https://themegaradio.com/hu/radios/radio-concierto-891,2026-04-17
https://themegaradio.com/hu/station/radio-concierto-891,2026-04-17
https://themegaradio.com/af/stasie/heilungkiang-agriculture-radio,2026-04-17
https://themegaradio.com/af/station/heilungkiang-agriculture-radio,2026-04-17
https://themegaradio.com/zh/电台/klassik-radio-klassik-dreams,2026-04-17
https://themegaradio.com/zh/station/klassik-radio-klassik-dreams,2026-04-17
https://themegaradio.com/am/ጣቢያ/-2445,2026-04-17
https://themegaradio.com/am/station/-2445,2026-04-17
https://themegaradio.com/de/sender/-2126,2026-04-17
https://themegaradio.com/de/station/-2126,2026-04-17
https://themegaradio.com/it/station/metalradiogr,2026-04-17
https://themegaradio.com/it/stazione/metalradiogr,2026-04-17
https://themegaradio.com/fr/station/metro-977-fm,2026-04-17
https://themegaradio.com/ru/stantsiya/mdr-sputnik-soundcheck-aac,2026-04-17
https://themegaradio.com/ru/station/mdr-sputnik-soundcheck-aac,2026-04-17
https://themegaradio.com/it/station/groove-club,2026-04-17
https://themegaradio.com/it/stazione/groove-club,2026-04-17
https://themegaradio.com/ru/stantsiya/mrai-radio-mp3,2026-04-17
https://themegaradio.com/ru/station/mrai-radio-mp3,2026-04-17
https://themegaradio.com/pl/stacja/rtp-macau-971-fm,2026-04-17
https://themegaradio.com/pl/station/rtp-macau-971-fm,2026-04-17
https://themegaradio.com/nl/station/deep1,2026-04-17
https://themegaradio.com/id/stasiun/radio-med-oslo,2026-04-17
https://themegaradio.com/id/station/radio-med-oslo,2026-04-17
https://themegaradio.com/bg/stantsiya/nrj-new-hits-friday,2026-04-17
https://themegaradio.com/bg/station/nrj-new-hits-friday,2026-04-17
https://themegaradio.com/ro/statie/radio-feral-kalesija,2026-04-17
https://themegaradio.com/ro/station/radio-feral-kalesija,2026-04-17
https://themegaradio.com/ru/stantsiya/-213,2026-04-17
https://themegaradio.com/ru/station/-213,2026-04-17
https://themegaradio.com/nl/station/radioradiofm,2026-04-17
https://themegaradio.com/ru/stantsiya/radio-caprice-indie-folk,2026-04-17
https://themegaradio.com/ru/station/radio-caprice-indie-folk,2026-04-17
https://themegaradio.com/lv/stacija/circuito-comunin-nueva-bolivia-931-fn,2026-04-17
https://themegaradio.com/lv/station/circuito-comunin-nueva-bolivia-931-fn,2026-04-17
https://themegaradio.com/et/jaam/die-neue-zeit,2026-04-17
https://themegaradio.com/et/station/die-neue-zeit,2026-04-17
https://themegaradio.com/pl/stacja/wndb-1150-935-daytona-beach-fl,2026-04-17
https://themegaradio.com/pl/station/wndb-1150-935-daytona-beach-fl,2026-04-17
https://themegaradio.com/fr/station/_radio-energy-classic-italy,2026-04-17
https://themegaradio.com/fi/asema/radio-antenna-adriatica,2026-04-17
https://themegaradio.com/fi/station/radio-antenna-adriatica,2026-04-17
https://themegaradio.com/zh/电台/radio-prahova-1,2026-04-17
https://themegaradio.com/zh/station/radio-prahova-1,2026-04-17
https://themegaradio.com/pl/stacja/srlandsradioen,2026-04-17
https://themegaradio.com/pl/station/srlandsradioen,2026-04-17
https://themegaradio.com/pl/stacja/radio-patagonia-puerto-madryn-fm-1055,2026-04-17
https://themegaradio.com/pl/station/radio-patagonia-puerto-madryn-fm-1055,2026-04-17
https://themegaradio.com/hr/stanica/pahang-fm,2026-04-17
https://themegaradio.com/hr/station/pahang-fm,2026-04-17
https://themegaradio.com/fi/asema/tsfjazz,2026-04-17
https://themegaradio.com/fi/station/tsfjazz,2026-04-17
https://themegaradio.com/ar/mahta/-2469,2026-04-17
https://themegaradio.com/ar/station/-2469,2026-04-17
https://themegaradio.com/sv/station/1-live-1,2026-04-17
https://themegaradio.com/tr/istasyon/fm1003-better-music-better-work-day,2026-04-17
https://themegaradio.com/tr/station/fm1003-better-music-better-work-day,2026-04-17
https://themegaradio.com/hu/radio/1028-fm-2,2026-04-17
https://themegaradio.com/hu/radios/1028-fm-2,2026-04-17
https://themegaradio.com/hu/station/1028-fm-2,2026-04-17
https://themegaradio.com/pt/estacao/955-jazz,2026-04-17
https://themegaradio.com/pt/station/955-jazz,2026-04-17
https://themegaradio.com/id/stasiun/rma-antilles-le-son-des-iles,2026-04-17
https://themegaradio.com/id/station/rma-antilles-le-son-des-iles,2026-04-17
https://themegaradio.com/sk/stanica/life-radio,2026-04-17
https://themegaradio.com/sk/station/life-radio,2026-04-17
https://themegaradio.com/lt/station/radio-lippewelle-hamm,2026-04-17
https://themegaradio.com/lt/station/synthetic-fm-the-radio-for-the-synth-lovers,2026-04-17
https://themegaradio.com/lt/stotis/synthetic-fm-the-radio-for-the-synth-lovers,2026-04-17
https://themegaradio.com/ru/stantsiya/1055-spreeradio-weihnachtsradio,2026-04-17
https://themegaradio.com/ru/station/1055-spreeradio-weihnachtsradio,2026-04-17
https://themegaradio.com/fi/asema/metal-hammer,2026-04-17
https://themegaradio.com/fi/station/metal-hammer,2026-04-17
https://themegaradio.com/bg/stantsiya/radio-prestige-3,2026-04-17
https://themegaradio.com/bg/station/radio-prestige-3,2026-04-17
https://themegaradio.com/sv/station/chqx-fm-beach-radio-1015-prince-albert-sk,2026-04-17
https://themegaradio.com/sv/station/tick-tock-radio-2022,2026-04-17
https://themegaradio.com/no/stasjon/radio-orpheus-1,2026-04-17
https://themegaradio.com/no/station/radio-orpheus-1,2026-04-17
https://themegaradio.com/et/jaam/radio-oberlausitz-international-1,2026-04-17
https://themegaradio.com/et/station/radio-oberlausitz-international-1,2026-04-17
https://themegaradio.com/fi/asema/easy-radio-flac,2026-04-17
https://themegaradio.com/fi/station/easy-radio-flac,2026-04-17
https://themegaradio.com/fi/asema/radio-digitalia-festival-1,2026-04-17
https://themegaradio.com/fi/station/radio-digitalia-festival-1,2026-04-17
https://themegaradio.com/lt/station/sonlife-broadcasting-network-2,2026-04-17
https://themegaradio.com/lt/stotis/sonlife-broadcasting-network-2,2026-04-17
https://themegaradio.com/bg/stantsiya/x1071,2026-04-17
https://themegaradio.com/bg/station/x1071,2026-04-17
https://themegaradio.com/sk/stanica/la-main-street-radios-ecuador-online,2026-04-17
https://themegaradio.com/sk/station/la-main-street-radios-ecuador-online,2026-04-17
https://themegaradio.com/hu/radio/radio-m,2026-04-17
https://themegaradio.com/hu/radios/radio-m,2026-04-17
https://themegaradio.com/hu/station/radio-m,2026-04-17
https://themegaradio.com/hu/radio/radio-88-partille,2026-04-17
https://themegaradio.com/hu/radios/radio-88-partille,2026-04-17
https://themegaradio.com/hu/station/radio-88-partille,2026-04-17
https://themegaradio.com/ar/mahta/ilizwi-fm,2026-04-17
https://themegaradio.com/ar/station/ilizwi-fm,2026-04-17
https://themegaradio.com/ru/stantsiya/melyh-christmas,2026-04-17
https://themegaradio.com/ru/station/melyh-christmas,2026-04-17
https://themegaradio.com/pl/stacja/chios,2026-04-17
https://themegaradio.com/pl/station/chios,2026-04-17
https://themegaradio.com/bg/stantsiya/curtin-radio-a-lifetime-of-music,2026-04-17
https://themegaradio.com/bg/station/curtin-radio-a-lifetime-of-music,2026-04-17
https://themegaradio.com/fr/station/rve,2026-04-17
https://themegaradio.com/lt/station/rdio-eltrica,2026-04-17
https://themegaradio.com/lt/stotis/rdio-eltrica,2026-04-17
https://themegaradio.com/ar/mahta/181fm-acid-jazz,2026-04-17
https://themegaradio.com/ar/station/181fm-acid-jazz,2026-04-17
https://themegaradio.com/af/stasie/crb-leonard-bernstein,2026-04-17
https://themegaradio.com/af/station/crb-leonard-bernstein,2026-04-17
https://themegaradio.com/id/stasiun/kiss-fm-so-paulo,2026-04-17
https://themegaradio.com/id/station/kiss-fm-so-paulo,2026-04-17
https://themegaradio.com/hr/stanica/new-reyfm-nightlife,2026-04-17
https://themegaradio.com/hr/station/new-reyfm-nightlife,2026-04-17
https://themegaradio.com/nl/station/radio-bruno,2026-04-17
https://themegaradio.com/lv/stacija/jazz-radio-jazz-classique,2026-04-17
https://themegaradio.com/lv/station/jazz-radio-jazz-classique,2026-04-17
https://themegaradio.com/pt/estacao/-477,2026-04-17
https://themegaradio.com/pt/station/-477,2026-04-17
https://themegaradio.com/hr/stanica/radio-retro-folk,2026-04-17
https://themegaradio.com/hr/station/radio-retro-folk,2026-04-17
https://themegaradio.com/it/station/friendstamilchatfm,2026-04-17
https://themegaradio.com/it/stazione/friendstamilchatfm,2026-04-17
https://themegaradio.com/fr/station/goldy-mukesh,2026-04-17
https://themegaradio.com/pt/estacao/tv-lux-audio,2026-04-17
https://themegaradio.com/pt/station/tv-lux-audio,2026-04-17
https://themegaradio.com/lt/station/la-mejor-culiacn-1041-fm-xhecq-fm-gpm-grupo-promomedios-culiacn-si,2026-04-17
https://themegaradio.com/lt/stotis/la-mejor-culiacn-1041-fm-xhecq-fm-gpm-grupo-promomedios-culiacn-si,2026-04-17
https://themegaradio.com/es/estacion/ckuv-fm-the-eagle-1009-okotoks-ab,2026-04-17
https://themegaradio.com/es/station/ckuv-fm-the-eagle-1009-okotoks-ab,2026-04-17
https://themegaradio.com/id/stasiun/962-fm1,2026-04-17
https://themegaradio.com/id/station/962-fm1,2026-04-17
https://themegaradio.com/no/stasjon/radio-lideranca,2026-04-17
https://themegaradio.com/no/station/radio-lideranca,2026-04-17
https://themegaradio.com/nl/station/ostseewelle-soft-hits,2026-04-17
https://themegaradio.com/lt/station/sport-live,2026-04-17
https://themegaradio.com/lt/stotis/sport-live,2026-04-17
https://themegaradio.com/fr/station/rdio-federal-fm-1013-mhz-unifal,2026-04-17
https://themegaradio.com/pt/estacao/tamilaruvifm,2026-04-17
https://themegaradio.com/pt/station/tamilaruvifm,2026-04-17
https://themegaradio.com/pl/stacja/absolut-coffeemusic,2026-04-17
https://themegaradio.com/pl/station/absolut-coffeemusic,2026-04-17
https://themegaradio.com/hu/radio/christian-life-radio,2026-04-17
https://themegaradio.com/hu/radios/christian-life-radio,2026-04-17
https://themegaradio.com/hu/station/christian-life-radio,2026-04-17
https://themegaradio.com/es/estacion/radio-nova-19,2026-04-17
https://themegaradio.com/es/station/radio-nova-19,2026-04-17
https://themegaradio.com/es/estacion/cjmr-1320-mississauga-on,2026-04-17
https://themegaradio.com/es/station/cjmr-1320-mississauga-on,2026-04-17
https://themegaradio.com/hu/radio/starpointradio,2026-04-17
https://themegaradio.com/hu/radios/starpointradio,2026-04-17
https://themegaradio.com/hu/station/starpointradio,2026-04-17
https://themegaradio.com/ro/statie/a-passing-feeling,2026-04-17
https://themegaradio.com/ro/station/a-passing-feeling,2026-04-17
https://themegaradio.com/ar/mahta/m80-rdio-rock,2026-04-17
https://themegaradio.com/ar/station/m80-rdio-rock,2026-04-17
https://themegaradio.com/hr/stanica/-1744,2026-04-17
https://themegaradio.com/hr/station/-1744,2026-04-17
https://themegaradio.com/es/estacion/phare-fm-worship-15,2026-04-17
https://themegaradio.com/es/station/phare-fm-worship-15,2026-04-17
https://themegaradio.com/nl/station/radio-r-louange,2026-04-17
https://themegaradio.com/pt/estacao/la-magnfica-atlixco-999-fm-xhev-fm-tribuna-comunicacin-atlixco-puebla,2026-04-17
https://themegaradio.com/pt/station/la-magnfica-atlixco-999-fm-xhev-fm-tribuna-comunicacin-atlixco-puebla,2026-04-17
https://themegaradio.com/no/stasjon/955-jazz,2026-04-17
https://themegaradio.com/no/station/955-jazz,2026-04-17
https://themegaradio.com/lv/stacija/skyrock-plm,2026-04-17
https://themegaradio.com/lv/station/skyrock-plm,2026-04-17
https://themegaradio.com/pt/estacao/talk-city-911-fm,2026-04-17
https://themegaradio.com/pt/station/talk-city-911-fm,2026-04-17
https://themegaradio.com/nl/station/-1248,2026-04-17
https://themegaradio.com/fi/asema/estacin-quince-cincuenta-1550-am,2026-04-17
https://themegaradio.com/fi/station/estacin-quince-cincuenta-1550-am,2026-04-17
https://themegaradio.com/th/สถานี/civil-radio,2026-04-17
https://themegaradio.com/th/station/civil-radio,2026-04-17
https://themegaradio.com/ro/statie/radio-maria-macau,2026-04-17
https://themegaradio.com/ro/station/radio-maria-macau,2026-04-17
https://themegaradio.com/et/jaam/eldoradio,2026-04-17
https://themegaradio.com/et/station/eldoradio,2026-04-17
https://themegaradio.com/fi/asema/amor-es-1045-aguascalientes-1045-fm-xhdc-fm-grupo-radiofnico-zer-aguascalientes-aguascalientes,2026-04-17
https://themegaradio.com/fi/station/amor-es-1045-aguascalientes-1045-fm-xhdc-fm-grupo-radiofnico-zer-aguascalientes-aguascalientes,2026-04-17
https://themegaradio.com/pt/estacao/radcap-crust-punk,2026-04-17
https://themegaradio.com/pt/station/radcap-crust-punk,2026-04-17
https://themegaradio.com/ru/stantsiya/praise-fm-cape-breton,2026-04-17
https://themegaradio.com/ru/station/praise-fm-cape-breton,2026-04-17
https://themegaradio.com/sk/stanica/rewind-radio,2026-04-17
https://themegaradio.com/sk/station/rewind-radio,2026-04-17
https://themegaradio.com/bg/stantsiya/njsunriseradio,2026-04-17
https://themegaradio.com/bg/station/njsunriseradio,2026-04-17
https://themegaradio.com/hu/radio/radio-wellenrausch-1,2026-04-17
https://themegaradio.com/hu/radios/radio-wellenrausch-1,2026-04-17
https://themegaradio.com/hu/station/radio-wellenrausch-1,2026-04-17
https://themegaradio.com/ro/statie/rockin50s-radio-1,2026-04-17
https://themegaradio.com/ro/station/rockin50s-radio-1,2026-04-17
https://themegaradio.com/bg/stantsiya/mdr-aktuell-953-fm,2026-04-17
https://themegaradio.com/bg/station/mdr-aktuell-953-fm,2026-04-17
https://themegaradio.com/nl/station/labgate-pyg-pink-floyd-yes-genesis,2026-04-17
https://themegaradio.com/th/สถานี/1fm-classic-country-radio,2026-04-17
https://themegaradio.com/th/station/1fm-classic-country-radio,2026-04-17
https://themegaradio.com/lt/station/agf-radio,2026-04-17
https://themegaradio.com/lt/stotis/agf-radio,2026-04-17
https://themegaradio.com/es/estacion/yes-fm-cebu-1,2026-04-17
https://themegaradio.com/es/station/yes-fm-cebu-1,2026-04-17
https://themegaradio.com/it/station/880-fm,2026-04-17
https://themegaradio.com/it/stazione/880-fm,2026-04-17
https://themegaradio.com/lt/station/fm-90,2026-04-17
https://themegaradio.com/lt/stotis/fm-90,2026-04-17
https://themegaradio.com/nl/station/traxfm-jakarta,2026-04-17
https://themegaradio.com/hu/radio/super-radio-2,2026-04-17
https://themegaradio.com/hu/radios/super-radio-2,2026-04-17
https://themegaradio.com/hu/station/super-radio-2,2026-04-17
https://themegaradio.com/no/stasjon/-1837,2026-04-17
https://themegaradio.com/no/station/-1837,2026-04-17
https://themegaradio.com/lv/stacija/mdr-sachsen-anhalt-1,2026-04-17
https://themegaradio.com/lv/station/mdr-sachsen-anhalt-1,2026-04-17
https://themegaradio.com/lt/station/ak-radio-1,2026-04-17
https://themegaradio.com/lt/stotis/ak-radio-1,2026-04-17
https://themegaradio.com/sv/station/air-fm-gold-kolkata,2026-04-17
https://themegaradio.com/id/stasiun/la-voz-del-tao-6-3,2026-04-17
https://themegaradio.com/id/station/la-voz-del-tao-6-3,2026-04-17
https://themegaradio.com/pt/estacao/polarisima-fm,2026-04-17
https://themegaradio.com/pt/station/polarisima-fm,2026-04-17
https://themegaradio.com/nl/station/qmusic-1,2026-04-17
https://themegaradio.com/sv/station/radio-srood-1,2026-04-17
https://themegaradio.com/nl/station/rekord-radom,2026-04-17
https://themegaradio.com/hr/stanica/r101-your-love,2026-04-17
https://themegaradio.com/hr/station/r101-your-love,2026-04-17
https://themegaradio.com/sk/stanica/fm-77,2026-04-17
https://themegaradio.com/sk/station/fm-77,2026-04-17
https://themegaradio.com/fi/asema/rsa-rockzirkus-1,2026-04-17
https://themegaradio.com/fi/station/rsa-rockzirkus-1,2026-04-17
https://themegaradio.com/sv/station/harmony-feelings-1,2026-04-17
https://themegaradio.com/pt/estacao/radio-luca,2026-04-17
https://themegaradio.com/pt/station/radio-luca,2026-04-17
https://themegaradio.com/es/estacion/fm-cielo-1033,2026-04-17
https://themegaradio.com/es/station/fm-cielo-1033,2026-04-17
https://themegaradio.com/es/estacion/abdulbasit-abdulsamad-77,2026-04-17
https://themegaradio.com/es/station/abdulbasit-abdulsamad-77,2026-04-17
https://themegaradio.com/sv/station/play-radio-2,2026-04-17
https://themegaradio.com/lv/stacija/visir-fm957-957-reykjavik,2026-04-17
https://themegaradio.com/lv/station/visir-fm957-957-reykjavik,2026-04-17
https://themegaradio.com/id/stasiun/radio-sangeetmala,2026-04-17
https://themegaradio.com/id/station/radio-sangeetmala,2026-04-17
https://themegaradio.com/th/สถานี/alice-1077,2026-04-17
https://themegaradio.com/th/station/alice-1077,2026-04-17
https://themegaradio.com/th/สถานี/talk-995,2026-04-16
https://themegaradio.com/th/station/talk-995,2026-04-16
https://themegaradio.com/hr/stanica/superfly-hiphop,2026-04-16
https://themegaradio.com/hr/station/superfly-hiphop,2026-04-16
https://themegaradio.com/lt/station/radio-regenbogen-sdbaden,2026-04-16
https://themegaradio.com/lt/stotis/radio-regenbogen-sdbaden,2026-04-16
https://themegaradio.com/fr/station/radio-maria-england,2026-04-16
https://themegaradio.com/pl/stacja/rcf-bruxelles,2026-04-16
https://themegaradio.com/pl/station/rcf-bruxelles,2026-04-16
https://themegaradio.com/fi/asema/radio-caprice-acoustic-guitar,2026-04-16
https://themegaradio.com/fi/station/radio-caprice-acoustic-guitar,2026-04-16
https://themegaradio.com/no/stasjon/concierto,2026-04-16
https://themegaradio.com/no/station/concierto,2026-04-16
https://themegaradio.com/ro/statie/radio-vandalica-nicaragua,2026-04-16
https://themegaradio.com/ro/station/radio-vandalica-nicaragua,2026-04-16
https://themegaradio.com/hu/radio/876-insania-fm-mataram,2026-04-16
https://themegaradio.com/hu/radios/876-insania-fm-mataram,2026-04-16
https://themegaradio.com/hu/station/876-insania-fm-mataram,2026-04-16
https://themegaradio.com/hu/radio/nostalgie-soul,2026-04-16
https://themegaradio.com/hu/radios/nostalgie-soul,2026-04-16
https://themegaradio.com/hu/station/nostalgie-soul,2026-04-16
https://themegaradio.com/lt/station/heilungkiang-music-radio,2026-04-16
https://themegaradio.com/lt/stotis/heilungkiang-music-radio,2026-04-16
https://themegaradio.com/no/stasjon/habertrk-radyo,2026-04-16
https://themegaradio.com/no/station/habertrk-radyo,2026-04-16
https://themegaradio.com/th/สถานี/kultur-md-tv,2026-04-16
https://themegaradio.com/th/station/kultur-md-tv,2026-04-16
https://themegaradio.com/no/stasjon/radio-colocolo,2026-04-16
https://themegaradio.com/no/station/radio-colocolo,2026-04-16
https://themegaradio.com/no/stasjon/music-only-70s-wollongong-mp3,2026-04-16
https://themegaradio.com/no/station/music-only-70s-wollongong-mp3,2026-04-16
https://themegaradio.com/es/estacion/classique-una-radio-de-clsicos-1,2026-04-16
https://themegaradio.com/es/station/classique-una-radio-de-clsicos-1,2026-04-16
https://themegaradio.com/bg/stantsiya/classic-tampico-961-fm-xhon-fm-multimedios-radio-tampico-tamaulipas,2026-04-16
https://themegaradio.com/bg/station/classic-tampico-961-fm-xhon-fm-multimedios-radio-tampico-tamaulipas,2026-04-16
https://themegaradio.com/fi/asema/energy-100-fm,2026-04-16
https://themegaradio.com/fi/station/energy-100-fm,2026-04-16
https://themegaradio.com/hr/stanica/sete-colinas-fm-1017,2026-04-16
https://themegaradio.com/hr/station/sete-colinas-fm-1017,2026-04-16
https://themegaradio.com/id/stasiun/radio-studio-93,2026-04-16
https://themegaradio.com/id/station/radio-studio-93,2026-04-16
https://themegaradio.com/pt/estacao/melodia-para-dos,2026-04-16
https://themegaradio.com/pt/station/melodia-para-dos,2026-04-16
https://themegaradio.com/th/สถานี/waiheke-radio-883,2026-04-16
https://themegaradio.com/th/station/waiheke-radio-883,2026-04-16
https://themegaradio.com/hr/stanica/radio-fiesta-2,2026-04-16
https://themegaradio.com/hr/station/radio-fiesta-2,2026-04-16
https://themegaradio.com/da/station/public-radio-tulsa,2026-04-16
https://themegaradio.com/da/station/love-fm-3,2026-04-16
https://themegaradio.com/id/stasiun/la-bonita-x101-2,2026-04-16
https://themegaradio.com/id/station/la-bonita-x101-2,2026-04-16
https://themegaradio.com/id/stasiun/917xfm,2026-04-16
https://themegaradio.com/id/station/917xfm,2026-04-16
https://themegaradio.com/et/jaam/radio-mas-fm,2026-04-16
https://themegaradio.com/et/station/radio-mas-fm,2026-04-16
https://themegaradio.com/bg/stantsiya/tick-tock-radio-2007,2026-04-16
https://themegaradio.com/bg/station/tick-tock-radio-2007,2026-04-16
https://themegaradio.com/fr/station/vibration-fm,2026-04-16
https://themegaradio.com/hu/station/mix-fm-gr,2026-04-16
https://themegaradio.com/hr/stanica/abc-kids-listen-1,2026-04-16
https://themegaradio.com/hr/station/abc-kids-listen-1,2026-04-16
https://themegaradio.com/bg/stantsiya/psylandlive,2026-04-16
https://themegaradio.com/bg/station/psylandlive,2026-04-16
https://themegaradio.com/hr/stanica/piratenfm-9,2026-04-16
https://themegaradio.com/hr/station/piratenfm-9,2026-04-16
https://themegaradio.com/no/stasjon/laser-558-1,2026-04-16
https://themegaradio.com/no/station/laser-558-1,2026-04-16
https://themegaradio.com/es/estacion/radio-boka-news,2026-04-16
https://themegaradio.com/es/station/radio-boka-news,2026-04-16
https://themegaradio.com/pt/estacao/1fm-acappella-radio,2026-04-16
https://themegaradio.com/pt/station/1fm-acappella-radio,2026-04-16
https://themegaradio.com/lt/station/radio-central,2026-04-16
https://themegaradio.com/lt/stotis/radio-central,2026-04-16
https://themegaradio.com/sv/station/radio-mom,2026-04-16
https://themegaradio.com/es/estacion/radio-swiss-jazz-3,2026-04-16
https://themegaradio.com/es/station/radio-swiss-jazz-3,2026-04-16
https://themegaradio.com/tl/istasyon/starbox-motown,2026-04-16
https://themegaradio.com/tl/station/starbox-motown,2026-04-16
https://themegaradio.com/et/jaam/fluxfm-eclectic-electric-1,2026-04-16
https://themegaradio.com/et/station/fluxfm-eclectic-electric-1,2026-04-16
https://themegaradio.com/lv/stacija/le-son-parisien-1,2026-04-16
https://themegaradio.com/lv/station/le-son-parisien-1,2026-04-16
https://themegaradio.com/sk/stanica/gente-radio-1,2026-04-16
https://themegaradio.com/sk/station/gente-radio-1,2026-04-16
https://themegaradio.com/es/estacion/xevfs-am-la-voz-de-la-frontera-sur,2026-04-16
https://themegaradio.com/es/station/xevfs-am-la-voz-de-la-frontera-sur,2026-04-16
https://themegaradio.com/th/สถานี/radio-rio-cuarto-1,2026-04-16
https://themegaradio.com/th/station/radio-rio-cuarto-1,2026-04-16
https://themegaradio.com/ru/stantsiya/radio-chrzescijanin-dzieci,2026-04-16
https://themegaradio.com/ru/station/radio-chrzescijanin-dzieci,2026-04-16
https://themegaradio.com/it/station/coolfm-chill,2026-04-16
https://themegaradio.com/it/stazione/coolfm-chill,2026-04-16
https://themegaradio.com/bg/stantsiya/radio-gradaac,2026-04-16
https://themegaradio.com/bg/station/radio-gradaac,2026-04-16
https://themegaradio.com/it/station/radio-plai,2026-04-16
https://themegaradio.com/it/stazione/radio-plai,2026-04-16
https://themegaradio.com/lt/station/looktung-eingdoi-1,2026-04-16
https://themegaradio.com/lt/stotis/looktung-eingdoi-1,2026-04-16
https://themegaradio.com/hr/stanica/france-inter-10,2026-04-16
https://themegaradio.com/hr/station/france-inter-10,2026-04-16
https://themegaradio.com/lt/station/radio-rivadavia,2026-04-16
https://themegaradio.com/lt/stotis/radio-rivadavia,2026-04-16
https://themegaradio.com/it/station/kol-hashfela,2026-04-16
https://themegaradio.com/it/stazione/kol-hashfela,2026-04-16
https://themegaradio.com/fr/station/krawallradio-1,2026-04-16
https://themegaradio.com/fi/asema/radio-boursiquots-fm-1017,2026-04-16
https://themegaradio.com/fi/station/radio-boursiquots-fm-1017,2026-04-16
https://themegaradio.com/sk/stanica/80s80s-techno-2,2026-04-16
https://themegaradio.com/sk/station/80s80s-techno-2,2026-04-16
https://themegaradio.com/ru/stantsiya/daraz-fm,2026-04-16
https://themegaradio.com/ru/station/daraz-fm,2026-04-16
https://themegaradio.com/ar/mahta/sawt-sydney-2,2026-04-16
https://themegaradio.com/ar/station/sawt-sydney-2,2026-04-16
https://themegaradio.com/ar/mahta/radio-grfica-1,2026-04-16
https://themegaradio.com/ar/station/radio-grfica-1,2026-04-16
https://themegaradio.com/ar/mahta/radio-2-jujuy,2026-04-16
https://themegaradio.com/ar/station/radio-2-jujuy,2026-04-16
https://themegaradio.com/ar/mahta/1048-fm-4,2026-04-16
https://themegaradio.com/ar/station/1048-fm-4,2026-04-16