Page URL,Discovered
https://themegaradio.com/af/aanbevelings,12 May 2026 (15:27 UTC)
https://themegaradio.com/af/gebruikers,12 May 2026 (15:27 UTC)
https://themegaradio.com/ar/mustakhdimin,12 May 2026 (05:24 UTC)
https://themegaradio.com/ar/radiohat/classic-vinyl-hd,13 May 2026 (03:30 UTC)
https://themegaradio.com/ar/radiohat/cristianos-al-dia,12 May 2026 (15:27 UTC)
https://themegaradio.com/ar/radiohat/fm-globo-guadalajara-98-7-fm-xhlc-fm-mvs-radio-guadalajara-jc,12 May 2026 (15:27 UTC)
https://themegaradio.com/ar/radiohat/fm-globo-mexicali-101-9-fm-xhpf-fm-mvs-radio-mexicali-bc,12 May 2026 (15:27 UTC)
https://themegaradio.com/ar/radiohat/joint-radio-beat-trance,12 May 2026 (15:27 UTC)
https://themegaradio.com/ar/radiohat/radio-disney-costa-rica-101-1-fm-san-jose-costa-rica,12 May 2026 (15:27 UTC)
https://themegaradio.com/ar/radiohat/radio-vibration,12 May 2026 (15:27 UTC)
https://themegaradio.com/ar/radiohat/reyfm-original,13 May 2026 (03:30 UTC)
https://themegaradio.com/ar/radiohat/rfe-rl-radio-farda,13 May 2026 (03:30 UTC)
https://themegaradio.com/ar/radiohat/studio-92-92-5-fm-lima,13 May 2026 (03:30 UTC)
https://themegaradio.com/ar/radiohat/walm-old-time-radio,13 May 2026 (03:30 UTC)
https://themegaradio.com/ar/tawsiyat,12 May 2026 (05:24 UTC)
https://themegaradio.com/az/tavsiyeler,12 May 2026 (15:27 UTC)
https://themegaradio.com/bg/potrebiteli,12 May 2026 (15:27 UTC)
https://themegaradio.com/bg/preporaki,12 May 2026 (15:27 UTC)
https://themegaradio.com/bs/aplikacije,12 May 2026 (15:27 UTC)
https://themegaradio.com/bs/kontakt,12 May 2026 (15:27 UTC)
https://themegaradio.com/bs/korisnici,12 May 2026 (15:27 UTC)
https://themegaradio.com/bs/o-nama,12 May 2026 (15:27 UTC)
https://themegaradio.com/bs/pravila-privatnosti,12 May 2026 (15:27 UTC)
https://themegaradio.com/bs/preporuke,12 May 2026 (15:27 UTC)
https://themegaradio.com/bs/radio,12 May 2026 (15:27 UTC)
https://themegaradio.com/bs/regije,12 May 2026 (15:27 UTC)
https://themegaradio.com/bs/stanica,12 May 2026 (15:27 UTC)
https://themegaradio.com/bs/stanice,12 May 2026 (15:27 UTC)
https://themegaradio.com/bs/uslovi-koristenja,12 May 2026 (15:27 UTC)
https://themegaradio.com/bs/zanrovi,12 May 2026 (15:27 UTC)
https://themegaradio.com/bs/zanrovi/classical,12 May 2026 (15:27 UTC)
https://themegaradio.com/bs/zanrovi/country,12 May 2026 (15:27 UTC)
https://themegaradio.com/bs/zanrovi/electronic,12 May 2026 (15:27 UTC)
https://themegaradio.com/bs/zanrovi/hip-hop,12 May 2026 (15:27 UTC)
https://themegaradio.com/bs/zanrovi/jazz,12 May 2026 (15:27 UTC)
https://themegaradio.com/bs/zanrovi/pop,12 May 2026 (15:27 UTC)
https://themegaradio.com/bs/zanrovi/reggae,12 May 2026 (15:27 UTC)
https://themegaradio.com/bs/zanrovi/rock,12 May 2026 (15:27 UTC)
https://themegaradio.com/da/anbefalinger,12 May 2026 (15:27 UTC)
https://themegaradio.com/da/brugere,12 May 2026 (15:27 UTC)
https://themegaradio.com/de/benutzer,12 May 2026 (05:24 UTC)
https://themegaradio.com/de/empfehlungen,12 May 2026 (05:24 UTC)
https://themegaradio.com/es/recomendaciones,12 May 2026 (05:24 UTC)
https://themegaradio.com/es/usuarios,12 May 2026 (05:24 UTC)
https://themegaradio.com/et/kasutajad,12 May 2026 (15:27 UTC)
https://themegaradio.com/et/soovitused,12 May 2026 (15:27 UTC)
https://themegaradio.com/fa/karbaran,12 May 2026 (15:27 UTC)
https://themegaradio.com/fa/pishnahad-ha,12 May 2026 (15:27 UTC)
https://themegaradio.com/fi/suositukset,12 May 2026 (15:27 UTC)
https://themegaradio.com/fr/recommandations,12 May 2026 (05:24 UTC)
https://themegaradio.com/fr/utilisateurs,12 May 2026 (05:24 UTC)
https://themegaradio.com/he/hamlatzot,12 May 2026 (15:27 UTC)
https://themegaradio.com/he/mishtamshim,12 May 2026 (15:27 UTC)
https://themegaradio.com/hi/sifarishen,12 May 2026 (15:27 UTC)
https://themegaradio.com/hi/upyogkarta,12 May 2026 (15:27 UTC)
https://themegaradio.com/hr/korisnici,12 May 2026 (15:27 UTC)
https://themegaradio.com/hr/preporuke,12 May 2026 (15:27 UTC)
https://themegaradio.com/hu/ajanlasok,12 May 2026 (15:27 UTC)
https://themegaradio.com/hu/felhasznalok,12 May 2026 (15:27 UTC)
https://themegaradio.com/id/pengguna,12 May 2026 (15:27 UTC)
https://themegaradio.com/id/rekomendasi,12 May 2026 (15:27 UTC)
https://themegaradio.com/it/raccomandazioni,12 May 2026 (05:24 UTC)
https://themegaradio.com/it/utenti,12 May 2026 (05:24 UTC)
https://themegaradio.com/lt/naudotojai,12 May 2026 (15:27 UTC)
https://themegaradio.com/lt/rekomendacijos,12 May 2026 (15:27 UTC)
https://themegaradio.com/lv/ieteikumi,12 May 2026 (15:27 UTC)
https://themegaradio.com/ml/suparishakal,12 May 2026 (15:27 UTC)
https://themegaradio.com/ml/upayogikalk,12 May 2026 (15:27 UTC)
https://themegaradio.com/mr/suparisha,12 May 2026 (15:27 UTC)
https://themegaradio.com/mr/vaparak,12 May 2026 (15:27 UTC)
https://themegaradio.com/ms/pengguna,12 May 2026 (15:27 UTC)
https://themegaradio.com/ms/saran,12 May 2026 (15:27 UTC)
https://themegaradio.com/nl/aanbevelingen,12 May 2026 (05:24 UTC)
https://themegaradio.com/nl/gebruikers,12 May 2026 (05:24 UTC)
https://themegaradio.com/no/anbefalinger,12 May 2026 (15:27 UTC)
https://themegaradio.com/no/brukere,12 May 2026 (15:27 UTC)
https://themegaradio.com/pa/sifarish,12 May 2026 (15:27 UTC)
https://themegaradio.com/pa/upbhogta,12 May 2026 (15:27 UTC)
https://themegaradio.com/pl/polecane,12 May 2026 (15:27 UTC)
https://themegaradio.com/pl/uzytkownicy,12 May 2026 (15:27 UTC)
https://themegaradio.com/pt/recomendacoes,12 May 2026 (05:24 UTC)
https://themegaradio.com/pt/usuarios,12 May 2026 (05:24 UTC)
https://themegaradio.com/ro/recomandari,12 May 2026 (15:27 UTC)
https://themegaradio.com/ro/utilizatori,12 May 2026 (15:27 UTC)
https://themegaradio.com/ru/polzovateli,12 May 2026 (05:24 UTC)
https://themegaradio.com/ru/rekomendatsii,12 May 2026 (05:24 UTC)
https://themegaradio.com/sk/odporucania,12 May 2026 (15:27 UTC)
https://themegaradio.com/sk/uzivatelia,12 May 2026 (15:27 UTC)
https://themegaradio.com/sl/uporabniki,12 May 2026 (15:27 UTC)
https://themegaradio.com/so/isticmaaleyaasha,12 May 2026 (15:27 UTC)
https://themegaradio.com/so/talooyin,12 May 2026 (15:27 UTC)
https://themegaradio.com/sq/rekomandimet,12 May 2026 (15:27 UTC)
https://themegaradio.com/sr/korisnici,12 May 2026 (15:27 UTC)
https://themegaradio.com/sr/preporuke,12 May 2026 (15:27 UTC)
https://themegaradio.com/sv/rekommendationer,12 May 2026 (15:27 UTC)
https://themegaradio.com/sw/mapendekezo,12 May 2026 (15:27 UTC)
https://themegaradio.com/sw/watumiaji,12 May 2026 (15:27 UTC)
https://themegaradio.com/te/sifarshulu,12 May 2026 (15:27 UTC)
https://themegaradio.com/te/viniyogadarulu,12 May 2026 (15:27 UTC)
https://themegaradio.com/tl/mga-gumagamit,12 May 2026 (15:27 UTC)
https://themegaradio.com/tl/mga-rekomendasyon,12 May 2026 (15:27 UTC)
https://themegaradio.com/tr/kullanicilar,12 May 2026 (05:24 UTC)
https://themegaradio.com/tr/tavsiyeler,12 May 2026 (05:24 UTC)
https://themegaradio.com/vi/de-xuat,12 May 2026 (15:27 UTC)
https://themegaradio.com/vi/nguoi-dung,12 May 2026 (15:27 UTC)
https://themegaradio.com/zu/abasebenzisi,12 May 2026 (15:27 UTC)
https://themegaradio.com/zu/izincomo,12 May 2026 (15:27 UTC)
