Page URL,Title,Discovered
https://themegaradio.com/af/kontak,Kontak Ons,15 May 2026 (04:30 UTC)
https://themegaradio.com/ar,ميغا راديو: استمع إلى الراديو المباشر والموسيقى المجانية من 120 دولة,15 May 2026 (04:30 UTC)
https://themegaradio.com/ar/an,حول ميغا راديو - منصة راديو مجانية عبر الإنترنت,15 May 2026 (04:30 UTC)
https://themegaradio.com/ar/ittisal,اتصل بميغا راديو - تواصل معنا,15 May 2026 (04:30 UTC)
https://themegaradio.com/az/elaqe,Bizimlə Əlaqə,15 May 2026 (04:30 UTC)
https://themegaradio.com/bg/kontakti,Свържете се с нас,15 May 2026 (04:30 UTC)
https://themegaradio.com/bg/za-nas,За Мега Радио,15 May 2026 (04:30 UTC)
https://themegaradio.com/bs/kontakt,Kontaktirajte nas,15 May 2026 (04:30 UTC)
https://themegaradio.com/bs/o-nama,O Mega Radiju,15 May 2026 (04:30 UTC)
https://themegaradio.com/cs/kontakt,Kontaktujte nás,15 May 2026 (04:30 UTC)
https://themegaradio.com/cs/o,O Mega Radiu,15 May 2026 (04:30 UTC)
https://themegaradio.com/da/kontakt,Kontakt Os,15 May 2026 (04:30 UTC)
https://themegaradio.com/de/kontakt,Kontaktieren Sie Uns,15 May 2026 (04:30 UTC)
https://themegaradio.com/de/sender/all-underground-hip-hop-radio,All Underground Hip Hop Radio aus The United States Of America,15 May 2026 (04:30 UTC)
https://themegaradio.com/de/sender/synthetic-fm-the-new-italo-generation-sound,Synthetic FM The New Italo generation sound aus The Netherlands,15 May 2026 (04:30 UTC)
https://themegaradio.com/de/sender/tmm-1,TMM 1 aus The United Kingdom Of Great Britain And Northern Ireland,15 May 2026 (04:30 UTC)
https://themegaradio.com/de/sender/tmm-2,TMM 2 aus The United Kingdom Of Great Britain And Northern Ireland,15 May 2026 (04:30 UTC)
https://themegaradio.com/en/station/all-underground-hip-hop-radio,All Underground Hip Hop Radio from The United States Of America,15 May 2026 (04:30 UTC)
https://themegaradio.com/en/station/louisiana-swamp-new-orleans-blues-radio-caprice,Louisiana/Swamp/New Orleans Blues - Radio Caprice from Unknown,15 May 2026 (04:30 UTC)
https://themegaradio.com/en/station/radio-country-live-new-york,Radio Country Live New York from The United States Of America,15 May 2026 (04:30 UTC)
https://themegaradio.com/en/station/synthetic-fm-the-new-italo-generation-sound,Synthetic FM The New Italo generation sound from The Netherlands,15 May 2026 (04:30 UTC)
https://themegaradio.com/en/station/tmm-1,TMM 1 from The United Kingdom Of Great Britain And Northern Ireland,15 May 2026 (04:30 UTC)
https://themegaradio.com/en/station/tmm-2,TMM 2 from The United Kingdom Of Great Britain And Northern Ireland,15 May 2026 (04:30 UTC)
https://themegaradio.com/es/contacto,Contáctanos,15 May 2026 (04:30 UTC)
https://themegaradio.com/es/estacion/radio-country-live-new-york,Radio Country Live New York de The United States Of America,15 May 2026 (04:30 UTC)
https://themegaradio.com/es/estacion/synthetic-fm-the-new-italo-generation-sound,Synthetic FM The New Italo generation sound de The Netherlands,15 May 2026 (04:30 UTC)
https://themegaradio.com/es/estacion/tmm-1,TMM 1 de The United Kingdom Of Great Britain And Northern Ireland,15 May 2026 (04:30 UTC)
https://themegaradio.com/es/estacion/tmm-2,TMM 2 de The United Kingdom Of Great Britain And Northern Ireland,15 May 2026 (04:30 UTC)
https://themegaradio.com/et/kontakt,Võta meiega ühendust,15 May 2026 (04:30 UTC)
https://themegaradio.com/et/meist,Mega Raadio kohta,15 May 2026 (04:30 UTC)
https://themegaradio.com/fa/darbare,درباره رادیو مگا,15 May 2026 (04:30 UTC)
https://themegaradio.com/fa/ertebat,تماس با ما,15 May 2026 (04:30 UTC)
https://themegaradio.com/fi/yhteys,Ota yhteyttä,15 May 2026 (04:30 UTC)
https://themegaradio.com/fr/contact,Contactez-nous,15 May 2026 (04:30 UTC)
https://themegaradio.com/fr/station/louisiana-swamp-new-orleans-blues-radio-caprice,Louisiana/Swamp/New Orleans Blues - Radio Caprice de Unknown,15 May 2026 (04:30 UTC)
https://themegaradio.com/he/al-odot,אודות מגה רדיו,15 May 2026 (04:30 UTC)
https://themegaradio.com/he/tachana/synthetic-fm-the-new-italo-generation-sound,Synthetic FM The New Italo generation sound מ The Netherlands,15 May 2026 (04:30 UTC)
https://themegaradio.com/he/tachana/tmm-1,TMM 1 מ The United Kingdom Of Great Britain And Northern Ireland,15 May 2026 (04:30 UTC)
https://themegaradio.com/he/tachana/tmm-2,TMM 2 מ The United Kingdom Of Great Britain And Northern Ireland,15 May 2026 (04:30 UTC)
https://themegaradio.com/he/tzor-kesher,צור קשר,15 May 2026 (04:30 UTC)
https://themegaradio.com/hi/ke-bare-mein,मेगा रेडियो के बारे में,15 May 2026 (04:30 UTC)
https://themegaradio.com/hi/sampark,हमसे संपर्क करें,15 May 2026 (04:30 UTC)
https://themegaradio.com/hi/station/tmm-1,TMM 1 से The United Kingdom Of Great Britain And Northern Ireland,15 May 2026 (04:30 UTC)
https://themegaradio.com/hi/station/tmm-2,TMM 2 से The United Kingdom Of Great Britain And Northern Ireland,15 May 2026 (04:30 UTC)
https://themegaradio.com/hr/kontakt,Kontaktirajte nas,15 May 2026 (04:30 UTC)
https://themegaradio.com/hr/o-nama,O Mega Radiju,15 May 2026 (04:30 UTC)
https://themegaradio.com/hu/kapcsolat,Kapcsolat,15 May 2026 (04:30 UTC)
https://themegaradio.com/hu/rolunk,A Mega Rádióról,15 May 2026 (04:30 UTC)
https://themegaradio.com/id/kontak,Hubungi Kami,15 May 2026 (04:30 UTC)
https://themegaradio.com/it/contatto,Contattaci,15 May 2026 (04:30 UTC)
https://themegaradio.com/it/stazione/all-underground-hip-hop-radio,All Underground Hip Hop Radio da The United States Of America,15 May 2026 (04:30 UTC)
https://themegaradio.com/it/stazione/louisiana-swamp-new-orleans-blues-radio-caprice,Louisiana/Swamp/New Orleans Blues - Radio Caprice da Unknown,15 May 2026 (04:30 UTC)
https://themegaradio.com/lt/apie,Apie Mega Radiją,15 May 2026 (04:30 UTC)
https://themegaradio.com/lt/kontaktai,Susisiekite su Mumis,15 May 2026 (04:30 UTC)
https://themegaradio.com/lv/kontakti,Sazinieties ar mums,15 May 2026 (04:30 UTC)
https://themegaradio.com/ml/kurichu,മെഗാ റേഡോയെക്കുറിച്ച്,15 May 2026 (04:30 UTC)
https://themegaradio.com/ml/sambandham,ഞങ്ങളെ ബന്ധപ്പെടുക,15 May 2026 (04:30 UTC)
https://themegaradio.com/mr/sampark,आमच्याशी संपर्क साधा,15 May 2026 (04:30 UTC)
https://themegaradio.com/mr/vishay,मेगा रेडियोबद्दल,15 May 2026 (04:30 UTC)
https://themegaradio.com/ms/hubungi,Hubungi Kami,15 May 2026 (04:30 UTC)
https://themegaradio.com/nl/contact,Neem Contact Op,15 May 2026 (04:30 UTC)
https://themegaradio.com/no/kontakt,Kontakt oss,15 May 2026 (04:30 UTC)
https://themegaradio.com/pa/bare,ਮੇਗਾ ਰੇਡੀਓ ਬਾਰੇ,15 May 2026 (04:30 UTC)
https://themegaradio.com/pa/sampark,ਸਾਡੇ ਨਾਲ ਸੰਪਰਕ ਕਰੋ,15 May 2026 (04:30 UTC)
https://themegaradio.com/pl/kontakt,Skontaktuj się z Nami,15 May 2026 (04:30 UTC)
https://themegaradio.com/pt/contato,Contato,15 May 2026 (04:30 UTC)
https://themegaradio.com/pt/sobre,Sobre a Mega Rádio,15 May 2026 (04:30 UTC)
https://themegaradio.com/ro/contact,Contactează-ne,15 May 2026 (04:30 UTC)
https://themegaradio.com/ru/kontakt,Свяжитесь с нами,15 May 2026 (04:30 UTC)
https://themegaradio.com/ru/stantsiya/all-underground-hip-hop-radio,All Underground Hip Hop Radio из The United States Of America,15 May 2026 (04:30 UTC)
https://themegaradio.com/ru/stantsiya/louisiana-swamp-new-orleans-blues-radio-caprice,Louisiana/Swamp/New Orleans Blues - Radio Caprice из Unknown,15 May 2026 (04:30 UTC)
https://themegaradio.com/ru/stantsiya/synthetic-fm-the-new-italo-generation-sound,Synthetic FM The New Italo generation sound из The Netherlands,15 May 2026 (04:30 UTC)
https://themegaradio.com/ru/stantsiya/tmm-1,TMM 1 из The United Kingdom Of Great Britain And Northern Ireland,15 May 2026 (04:30 UTC)
https://themegaradio.com/ru/stantsiya/tmm-2,TMM 2 из The United Kingdom Of Great Britain And Northern Ireland,15 May 2026 (04:30 UTC)
https://themegaradio.com/sk/kontakt,Kontaktirajte nas,15 May 2026 (04:30 UTC)
https://themegaradio.com/sk/o-nas,O Mega Radiu,15 May 2026 (04:30 UTC)
https://themegaradio.com/sl/kontakt,Kontaktirajte nas,15 May 2026 (04:30 UTC)
https://themegaradio.com/sl/o-nas,O Mega Radiu,15 May 2026 (04:30 UTC)
https://themegaradio.com/so/la-xiriir,Nala Soo Xiriir,15 May 2026 (04:30 UTC)
https://themegaradio.com/sq/kontakti,Na Kontaktoni,15 May 2026 (04:30 UTC)
https://themegaradio.com/sr/kontakt,Контактирајте нас,15 May 2026 (04:30 UTC)
https://themegaradio.com/sr/o-nama,О Мега Радију,15 May 2026 (04:30 UTC)
https://themegaradio.com/sv/kontakt,Kontakta oss,15 May 2026 (04:30 UTC)
https://themegaradio.com/sw/mawasiliano,Wasiliana Nasi,15 May 2026 (04:30 UTC)
https://themegaradio.com/te/gurinchi,మెగా రేడియో గురించి,15 May 2026 (04:30 UTC)
https://themegaradio.com/te/sambandham,మమ్మల్ని సంప్రదించండి,15 May 2026 (04:30 UTC)
https://themegaradio.com/tl/makipag-ugnayan,Makipag-ugnayan sa Amin,15 May 2026 (04:30 UTC)
https://themegaradio.com/tr/hakkinda,Mega Radyo Hakkında,15 May 2026 (04:30 UTC)
https://themegaradio.com/tr/iletisim,Bize Ulaşın,15 May 2026 (04:30 UTC)
https://themegaradio.com/vi/lien-he,Liên Hệ Với Chúng Tôi,15 May 2026 (04:30 UTC)
https://themegaradio.com/zu/xhumana,Xhumana Nathi,15 May 2026 (04:30 UTC)
