"Sitemap URL","Url Type","Issue Type","Url","LastCrawl"
"https://themegaradio.com/sitemap-index.xml","NotIndexedAndMayNeedAttention","ContentQuality","https://themegaradio.com/th/สถานี/radio-tlaxcala-tlaxcala-1430-am-xett-am-coracyt-tlaxcala-tlaxcala","1/7/2026 7:46:17 AM"
"https://themegaradio.com/sitemap-index.xml","NotIndexedAndMayNeedAttention","ContentQuality","https://themegaradio.com/lv/stacija/love-lokale-omroep-volendam-edam-dab","4/14/2026 6:42:53 PM"
"https://themegaradio.com/sitemap-index.xml","NotIndexedAndMayNeedAttention","ContentQuality","https://themegaradio.com/fi/asema/ard-dolby-atmos-test-1","4/16/2026 2:54:23 AM"
"https://themegaradio.com/sitemap-index.xml","NotIndexedAndMayNeedAttention","ContentQuality","https://themegaradio.com/en/station/jefferson-county-ny-police-fire-and-ems","4/4/2026 7:48:17 PM"
"https://themegaradio.com/sitemap-index.xml","NotIndexedAndMayNeedAttention","ContentQuality","https://themegaradio.com/sk/stanica/la-comadre-irapuato-1063-fm-xhito-fm-grupo-acir-irapuato-gt","4/5/2026 9:38:51 AM"
"https://themegaradio.com/sitemap-index.xml","NotIndexedAndMayNeedAttention","ContentQuality","https://themegaradio.com/hu/radio/war-fm-gilgandra-989-fm-mp3-1","4/13/2026 11:20:25 AM"
"https://themegaradio.com/sitemap-index.xml","NotIndexedAndMayNeedAttention","ContentQuality","https://themegaradio.com/hu/radio/cfqx-fm-1041-qx104-country-winnipeg-mb","4/14/2026 12:11:41 AM"
"https://themegaradio.com/sitemap-index.xml","NotIndexedAndMayNeedAttention","ContentQuality","https://themegaradio.com/hu/radio/cjwv-oldies-967-fm","4/12/2026 4:19:00 PM"
"https://themegaradio.com/sitemap-index.xml","NotIndexedAndMayNeedAttention","ContentQuality","https://themegaradio.com/hr/stanica/radio-maria-kenya-nairobi","4/9/2026 1:36:14 PM"
"https://themegaradio.com/sitemap-index.xml","NotIndexedAndMayNeedAttention","ContentQuality","https://themegaradio.com/hu/radio/magic-fm-agrinio","3/21/2026 4:55:49 AM"
"https://themegaradio.com/sitemap-index.xml","NotIndexedAndMayNeedAttention","ContentQuality","https://themegaradio.com/hu/radio/radio-mas-997-fm","3/25/2026 12:28:47 PM"
"https://themegaradio.com/sitemap-index.xml","NotIndexedAndMayNeedAttention","ContentQuality","https://themegaradio.com/no/stasjon/life-radio-non-stop-music","3/25/2026 8:43:32 AM"
"https://themegaradio.com/sitemap-index.xml","NotIndexedAndMayNeedAttention","ContentQuality","https://themegaradio.com/hr/stanica/ckap-1009-moose-fm-kapuskasing-on","4/9/2026 8:22:58 AM"
"https://themegaradio.com/sitemap-index.xml","NotIndexedAndMayNeedAttention","ContentQuality","https://themegaradio.com/de/sender/cleansingmusic-cleansing-70s-mp3","4/17/2026 6:13:25 AM"
"https://themegaradio.com/sitemap-index.xml","NotIndexedAndMayNeedAttention","ContentQuality","https://themegaradio.com/th/สถานี/australian-digital-radio-network-only-mozart-mp3","4/10/2026 5:17:03 PM"
"https://themegaradio.com/sitemap-index.xml","NotIndexedAndMayNeedAttention","ContentQuality","https://themegaradio.com/mr/steshan/exa-fm-1003-campeche-1003-fm-xhmi-fm-ncs-ncleo-comunicacin-del-sureste-campeche-campeche","3/22/2026 11:33:21 PM"
"https://themegaradio.com/sitemap-index.xml","NotIndexedAndMayNeedAttention","ContentQuality","https://themegaradio.com/gu/સ્ટેશન/la-invasora-tijuana-xha-fm-945-fm-uniradio-tijuana-baja-california","4/12/2026 12:20:07 PM"
"https://themegaradio.com/sitemap-index.xml","NotIndexedAndMayNeedAttention","ContentQuality","https://themegaradio.com/ko/스테이션/radio-liberty-multiplayer-phonk-remix","3/15/2026 10:55:13 AM"
"https://themegaradio.com/sitemap-index.xml","NotIndexedAndMayNeedAttention","ContentQuality","https://themegaradio.com/zu/isiteshi/more-bounce-to-the-ounce","4/3/2026 4:06:39 PM"
"https://themegaradio.com/sitemap-index.xml","NotIndexedAndMayNeedAttention","ContentQuality","https://themegaradio.com/ro/statie/chas-fm-kiss-1005-sault-ste-marie-on","4/15/2026 7:39:01 PM"
"https://themegaradio.com/sitemap-index.xml","NotIndexedAndMayNeedAttention","ContentQuality","https://themegaradio.com/ro/statie/sveriges-radio-p4-vst","4/18/2026 4:07:54 PM"
"https://themegaradio.com/sitemap-index.xml","NotIndexedAndMayNeedAttention","ContentQuality","https://themegaradio.com/ko/스테이션/brillux-radio","3/22/2026 1:18:30 AM"
"https://themegaradio.com/sitemap-index.xml","NotIndexedAndMayNeedAttention","ContentQuality","https://themegaradio.com/id/stasiun/gippsland-fm-morwell-1047-fm-aac","3/7/2026 6:40:43 AM"
"https://themegaradio.com/sitemap-index.xml","NotIndexedAndMayNeedAttention","ContentQuality","https://themegaradio.com/zh/电台/cjed-fm-1051-the-river-niagara-falls-on","3/28/2026 7:37:41 AM"
"https://themegaradio.com/sitemap-index.xml","NotIndexedAndMayNeedAttention","ContentQuality","https://themegaradio.com/ur/اسٹیشن/exa-fm-983-ciudad-jurezel-paso-983-fm-xhpx-fm-mvs-radio-ciudad-jurez-chihuahua","3/14/2026 11:35:32 PM"
"https://themegaradio.com/sitemap-index.xml","NotIndexedAndMayNeedAttention","ContentQuality","https://themegaradio.com/ro/statie/star-fm-maximum-rock-country-rock","3/11/2026 2:30:46 PM"
"https://themegaradio.com/sitemap-index.xml","NotIndexedAndMayNeedAttention","ContentQuality","https://themegaradio.com/el/σταθμος/ckgb-fm-993-kiss-993-timmins","3/28/2026 6:45:16 PM"
"https://themegaradio.com/sitemap-index.xml","NotIndexedAndMayNeedAttention","ContentQuality","https://themegaradio.com/ko/스테이션/la-rancherita-los-mochis-917-fm-xhecu-fm-grupo-radio-centro-los-mochis-si","4/6/2026 6:16:32 PM"
"https://themegaradio.com/sitemap-index.xml","NotIndexedAndMayNeedAttention","ContentQuality","https://themegaradio.com/ta/நிலையம்/fiesta-mexicana-irapuato-1055-fm","4/11/2026 5:14:59 AM"
"https://themegaradio.com/sitemap-index.xml","NotIndexedAndMayNeedAttention","ContentQuality","https://themegaradio.com/ko/스테이션/decennial-gothica-radio-ii","4/13/2026 10:25:28 PM"
"https://themegaradio.com/sitemap-index.xml","NotIndexedAndMayNeedAttention","ContentQuality","https://themegaradio.com/zu/isiteshi/mystery-and-suspense-radio","4/11/2026 7:46:19 AM"
"https://themegaradio.com/sitemap-index.xml","NotIndexedAndMayNeedAttention","ContentQuality","https://themegaradio.com/vi/dai/the-big-top-40-show-sundays-4-7pm-1","3/21/2026 7:38:31 AM"
"https://themegaradio.com/sitemap-index.xml","NotIndexedAndMayNeedAttention","ContentQuality","https://themegaradio.com/no/stasjon/phoenix-fm-bendigo-1067-fm-mp3","4/19/2026 2:35:37 AM"
"https://themegaradio.com/sitemap-index.xml","NotIndexedAndMayNeedAttention","ContentQuality","https://themegaradio.com/th/สถานี/catedral-fm-sp","3/23/2026 4:45:56 PM"
"https://themegaradio.com/sitemap-index.xml","NotIndexedAndMayNeedAttention","ContentQuality","https://themegaradio.com/th/สถานี/exa-fm-973-mty-973-fm-xhsr-fm-mvs-radio-monterrey-nuevo-len","3/18/2026 12:25:51 PM"
"https://themegaradio.com/sitemap-index.xml","NotIndexedAndMayNeedAttention","ContentQuality","https://themegaradio.com/sl","11/29/2025 11:44:04 AM"
"https://themegaradio.com/sitemap-index.xml","NotIndexedAndMayNeedAttention","ContentQuality","https://themegaradio.com/ja/ステーション/east-fm-1027-tamil","4/12/2026 12:57:30 PM"
"https://themegaradio.com/sitemap-index.xml","NotIndexedAndMayNeedAttention","ContentQuality","https://themegaradio.com/de/sender/allzic-radio-brazil","4/9/2026 1:16:05 AM"
"https://themegaradio.com/sitemap-index.xml","NotIndexedAndMayNeedAttention","ContentQuality","https://themegaradio.com/es/estacion/south-carolina-public-radio","1/1/2026 6:56:05 PM"
"https://themegaradio.com/sitemap-index.xml","NotIndexedAndMayNeedAttention","ContentQuality","https://themegaradio.com/fa/station/rmn-dxdc-davao","4/10/2026 6:15:03 AM"
"https://themegaradio.com/sitemap-index.xml","NotIndexedAndMayNeedAttention","ContentQuality","https://themegaradio.com/en/station/radio-back-in-itime","4/9/2026 6:51:08 AM"
"https://themegaradio.com/sitemap-index.xml","NotIndexedAndMayNeedAttention","ContentQuality","https://themegaradio.com/az/stansiya/kolednoto-radio","4/9/2026 7:55:04 AM"
"https://themegaradio.com/sitemap-index.xml","NotIndexedAndMayNeedAttention","ContentQuality","https://themegaradio.com/ta/நிலையம்/lokale-omroep-goirle-radio","3/27/2026 10:23:25 AM"
"https://themegaradio.com/sitemap-index.xml","NotIndexedAndMayNeedAttention","ContentQuality","https://themegaradio.com/da","2/24/2026 10:25:48 PM"
"https://themegaradio.com/sitemap-index.xml","NotIndexedAndMayNeedAttention","ContentQuality","https://themegaradio.com/es/estacion/radio-4-brainport-eindhoven-64-k-aac","3/20/2026 8:32:20 AM"
"https://themegaradio.com/sitemap-index.xml","NotIndexedAndMayNeedAttention","ContentQuality","https://themegaradio.com/es/estacion/radio-olimp-1045-fm","4/16/2026 8:59:18 PM"
"https://themegaradio.com/sitemap-index.xml","NotIndexedAndMayNeedAttention","ContentQuality","https://themegaradio.com/kn/ನಿಲ್ದಾಣ/exa-fm-983-ciudad-jurezel-paso-983-fm-xhpx-fm-mvs-radio-ciudad-jurez-chihuahua","3/18/2026 4:20:13 AM"
"https://themegaradio.com/sitemap-index.xml","NotIndexedAndMayNeedAttention","ContentQuality","https://themegaradio.com/zh/电台/sanctuary-radio-uganda-mbuya-mp3","4/5/2026 11:35:38 AM"
"https://themegaradio.com/sitemap-index.xml","NotIndexedAndMayNeedAttention","ContentQuality","https://themegaradio.com/af/stasie/schwarzwaldradio-aac-new-stream-url-as-of-2023","4/10/2026 6:57:27 PM"
"https://themegaradio.com/sitemap-index.xml","NotIndexedAndMayNeedAttention","ContentQuality","https://themegaradio.com/ru/stantsiya/cms-fm-canberra-911-fm-mp3","3/31/2026 12:24:26 PM"
"https://themegaradio.com/sitemap-index.xml","NotIndexedAndMayNeedAttention","ContentQuality","https://themegaradio.com/zh/电台/mdr-kultur-low","3/19/2026 6:08:18 PM"
