URL,Son tarama
https://themegaradio.com/sv/,2026-04-15
https://themegaradio.com/th/station/guarne-estreo-881-fm,2026-04-09
https://themegaradio.com/it/station/__rock__-by-rautemusik-rmfm,2026-04-04
https://themegaradio.com/us/,2026-04-03
https://themegaradio.com/bn/station/radio-wow,2026-03-20
https://themegaradio.com/fr/,2026-03-20
https://themegaradio.com/ja/,2026-03-15
https://themegaradio.com/am/station/wmea-maine-public-broadcasting-classical-stereo-stream-portland-me,2026-03-12
https://themegaradio.com/am/station/oui-fm-les-slows-du-rock,2026-03-12
https://themegaradio.com/om/station/gold-947-fm,2026-03-11
https://themegaradio.com/qa/station/radio-nacka,2026-03-10
https://themegaradio.com/en/,2026-03-10
https://themegaradio.com/am/station/match-1001-culiacn-1001-fm-xhcna-fm-grupo-acir-culiacn-sinaloa,2026-03-10
https://themegaradio.com/am/station/rebel-fm-dugald-river-945-fm-aac,2026-03-07
https://themegaradio.com/am/station/exa-fm-981-guasave-981-fm-xhgse-fm-grupo-rsn-guasave-sinaloa-1,2026-03-07
https://themegaradio.com/cz/,2026-03-06
https://themegaradio.com/am/station/whpt-1025-the-bone,2026-03-05
https://themegaradio.com/zh/,2026-03-05
https://themegaradio.com/am/station/livestream-mbg-oldentrup,2026-03-02
https://themegaradio.com/ar/station/ndr-n-joy-aac-48khz,2026-03-01
https://themegaradio.com/de/,2026-03-01
https://themegaradio.com/am/station/la-ke-buena-puebla-897-fm-xhepa-fm-puebla-puebla,2026-03-01
https://themegaradio.com/am/station/rstv-outbound-connections-aac,2026-03-01
https://themegaradio.com/am/station/cjet-fm-city-news-1011-smith-falls-on,2026-03-01
https://themegaradio.com/am/station/onda-cero-valencia,2026-02-28
https://themegaradio.com/da/,2026-02-28
https://themegaradio.com/am/station/hitrdio-slovakia-1,2026-02-28
https://themegaradio.com/it/,2026-02-23
https://themegaradio.com/cn/,2026-02-14
https://themegaradio.com/bg/station/-2400,2026-01-26
https://themegaradio.com/bg/station/top-music-917-quertaro-917-fm-xhkh-fm-respuesta-radiofnica-quertaro-quertaro,2026-01-26
https://themegaradio.com/bg/station/-616,2026-01-25
https://themegaradio.com/sk/station/gdsfm,2026-01-23
https://themegaradio.com/ar/station/champeta-online-2,2026-01-23
https://themegaradio.com/sk/station/nuclear-radio-venezuela,2026-01-23
https://themegaradio.com/bg/station/crystal-toluca-933-fm-xhedt-fm-grupo-siete-toluca-estado-de-mxico,2026-01-23
https://themegaradio.com/ar/station/deep-web-radio,2026-01-23
https://themegaradio.com/ar/station/radio-pianeta,2026-01-23
https://themegaradio.com/ar/station/-1210,2026-01-23
https://themegaradio.com/kw/station/global-pride-2,2026-01-23
https://themegaradio.com/lt/stations/csn-international,2026-01-23
https://themegaradio.com/bh/station/fluxfm-1,2026-01-23
https://themegaradio.com/iq/station/hip-hop-radio,2026-01-23
https://themegaradio.com/bg/station/gorean-whip-radio,2026-01-23
https://themegaradio.com/tn/station/rig,2026-01-23
https://themegaradio.com/bg/station/1live,2026-01-23
https://themegaradio.com/kw/station/radio-sans-pub-1,2026-01-22
https://themegaradio.com/eg/station/radio-quran-2,2026-01-22
https://themegaradio.com/sd/station/-93,2026-01-22
https://themegaradio.com/jo/station/exogaming-2,2026-01-22
https://themegaradio.com/ar/station/-2327,2026-01-22
https://themegaradio.com/bg/station/conexion-radio,2026-01-22
https://themegaradio.com/tn/station/npo-radio-1-2,2026-01-22
https://themegaradio.com/ma/station/bremen-zwei-neu,2026-01-22
https://themegaradio.com/ar/station/ufm-1055,2026-01-22
https://themegaradio.com/bg/station/fm-88,2026-01-22
https://themegaradio.com/bg/station/-1087,2026-01-22
https://themegaradio.com/ae/station/sbn,2026-01-21
https://themegaradio.com/ro/station/ktlf-the-light,2026-01-21
https://themegaradio.com/es/station/rtl-10,2026-01-20
https://themegaradio.com/kw/station/fip-3,2026-01-19
https://themegaradio.com/sk/station/fip-1,2026-01-19
https://themegaradio.com/ma/station/coloradio-3,2026-01-19
https://themegaradio.com/bg/station/like-fm-cuauhtmoc-983-fm-xhdt-fm-grd-multimedia-cuahtmoc-chihuahua,2026-01-19
https://themegaradio.com/gr/station/flux-fm-fluxforward,2026-01-18
https://themegaradio.com/jp/station/life-radio-cte-divoire,2026-01-18
https://themegaradio.com/bg/station/lorfm-34,2026-01-17
https://themegaradio.com/sd/station/free-fm-80s-india,2026-01-17
https://themegaradio.com/dz/station/octave-radio-1,2026-01-17
https://themegaradio.com/eg/station/octave-radio-1,2026-01-17
https://themegaradio.com/kw/station/npo-radio-1-5,2026-01-17
https://themegaradio.com/sd/station/radio-jackie-1,2026-01-17
https://themegaradio.com/bh/station/cross-waves-radio,2026-01-17
https://themegaradio.com/iq/station/mix4me-uplifitng-trance-web-radio-1,2026-01-17
https://themegaradio.com/bg/station/guerrilla-radio,2026-01-17
https://themegaradio.com/ye/station/technobasefm-3,2026-01-17
https://themegaradio.com/tn/station/ckuw-winnipeg,2026-01-17
https://themegaradio.com/bh/station/r101-katy-perry,2026-01-17
https://themegaradio.com/eg/station/fluxfm-lofi,2026-01-17
https://themegaradio.com/ar/station/ndr-info-hamburg-48-aac,2026-01-17
https://themegaradio.com/lb/station/kbcu-fm-881-bethel-college-north-newton-ks,2026-01-17
https://themegaradio.com/ma/station/hitradio-center-80s,2026-01-17
https://themegaradio.com/qa/station/greatest-hits-2020s,2026-01-17
https://themegaradio.com/ly/station/ckuw-winnipeg,2026-01-17
https://themegaradio.com/ma/station/greca-fm-994,2026-01-17
https://themegaradio.com/iq/station/samadhi-hifi,2026-01-17
https://themegaradio.com/qa/station/fiesta-1065,2026-01-17
https://themegaradio.com/lb/station/ksqq-961-fm,2026-01-17
https://themegaradio.com/bg/station/esencia-radio-1071-fm,2026-01-17
https://themegaradio.com/sk/station/887-fm-i-radio-jogja,2026-01-17
https://themegaradio.com/id/station/joe-3,2026-01-17
https://themegaradio.com/sk/station/music-fm-887,2026-01-17
https://themegaradio.com/sk/station/heart-berkshire-1029-970,2026-01-17
https://themegaradio.com/bg/station/juka-radio-tophits,2026-01-17
https://themegaradio.com/sk/station/driftfm,2026-01-17
https://themegaradio.com/bg/station/22-2,2026-01-17
https://themegaradio.com/bg/station/last-days-radio,2026-01-17
https://themegaradio.com/bg/station/punk-fm,2026-01-17
https://themegaradio.com/bg/station/z1043,2026-01-17
https://themegaradio.com/bg/station/my-world-radio,2026-01-17
https://themegaradio.com/bg/station/kamonoff-radio,2026-01-17
https://themegaradio.com/ma/station/planet-music-villa-gesell-919,2026-01-17
https://themegaradio.com/bg/station/hamsafar,2026-01-16
https://themegaradio.com/bg/station/-859,2026-01-16
https://themegaradio.com/bg/station/jalisco-radio-fm-guadalajara-963-fm-xejb-fm-gobierno-del-estado-de-jalisco-guadalajara-jc,2026-01-16
https://themegaradio.com/bg/station/quality-fm-1,2026-01-16
https://themegaradio.com/bg/station/-92,2026-01-16
https://themegaradio.com/bg/station/fm-143,2026-01-16
https://themegaradio.com/bg/station/-361,2026-01-16
https://themegaradio.com/bg/station/russian-radio-vladivostok,2026-01-16
https://themegaradio.com/hu/station/metalzone,2026-01-16
https://themegaradio.com/bg/station/phare-fm-worship-3,2026-01-16
https://themegaradio.com/bg/station/somafm-black-rock-fm-128k-aac-non-ssl,2026-01-15
https://themegaradio.com/bg/station/melindafm,2026-01-13
https://themegaradio.com/hr/station/schwarzwaldradio,2026-01-13
https://themegaradio.com/af/station/sola-rdi,2026-01-12
https://themegaradio.com/bg/station/radyonne,2026-01-12
https://themegaradio.com/bg/station/qfm-by-queye-mp3-1,2026-01-12
https://themegaradio.com/bg/station/el-patrn-xalapa-1049-fm-xhbd-fm-oliva-radio-xalapa-veracruz,2026-01-12
https://themegaradio.com/af/station/classical-fm-977-3,2026-01-11
https://themegaradio.com/qa/station/mephisto-976-leipzig,2026-01-11
https://themegaradio.com/bg/station/ktic,2026-01-09
https://themegaradio.com/af/station/247-polka-heaven-4,2026-01-08
https://themegaradio.com/nl/station/o,2026-01-08
https://themegaradio.com/et/station/0-n-90s-on-radio-1,2026-01-06
https://themegaradio.com/et/station/sid-valley-radio,2026-01-06
https://themegaradio.com/bg/station/1fm-blues-radio,2026-01-06
https://themegaradio.com/bg/station/cidg-fm-rebel-rock1017-ottawa-on,2026-01-06
https://themegaradio.com/et/station/africa-radio-abidjan,2026-01-06
https://themegaradio.com/et/station/-39,2026-01-06
https://themegaradio.com/et/station/8knz-1,2026-01-06
https://themegaradio.com/et/station/radio-jade,2026-01-06
https://themegaradio.com/bg/station/la-mera-mera-980-los-ngeles-980-am-kfwb-lotus-communications-los-ngeles-california-eua,2026-01-06
https://themegaradio.com/et/station/morias,2026-01-06
https://themegaradio.com/et/station/narodni-radio-tuzla,2026-01-06
https://themegaradio.com/et/station/fun-radio-2,2026-01-06
https://themegaradio.com/et/station/-1586,2026-01-06
https://themegaradio.com/et/station/polskie-radio-bialystok-3,2026-01-06
https://themegaradio.com/et/station/-1690,2026-01-06
https://themegaradio.com/et/station/fluxfm-melides-art-radio,2026-01-06
https://themegaradio.com/et/station/lautfm-sunsetcity,2026-01-06
https://themegaradio.com/et/station/mundo-rock-radio,2026-01-06
https://themegaradio.com/et/station/chronix-radio-aggression,2026-01-06
https://themegaradio.com/af/station/stockholm-nrradio-fm-1011,2026-01-06
https://themegaradio.com/et/station/df,2026-01-06
https://themegaradio.com/et/station/tick-tock-radio-2018,2026-01-06
https://themegaradio.com/pt/station/estreo-romance-1007-la-paz-1007-fm-xhzpl-fm-promomedios-california-la-paz-baja-california,2026-01-06
https://themegaradio.com/et/station/radio-zu-2,2026-01-06
https://themegaradio.com/hu/station/rts-nmes,2026-01-06
https://themegaradio.com/hu/station/love-radio-roxas-2,2026-01-06
https://themegaradio.com/et/station/rtw-fm,2026-01-06
https://themegaradio.com/af/station/-2432,2026-01-06
https://themegaradio.com/bg/station/party107,2026-01-06
https://themegaradio.com/hu/station/goa-world,2026-01-06
https://themegaradio.com/af/station/precious-80-3,2026-01-06
https://themegaradio.com/hu/station/klas-sports,2026-01-06
https://themegaradio.com/ro/station/titn-1063-villahermosa-1063-fm-xhrvi-fm-publilum-publilu-medios-villahermosa-tabasco,2026-01-06
https://themegaradio.com/th/station/nova-bulgaria,2026-01-06
https://themegaradio.com/bg/station/la-patrona-927-guachochi-927-fm-xhpcho-fm-grupo-bustillos-radio-guachochi-chihuahua,2026-01-06
https://themegaradio.com/af/station/top-music-12,2026-01-06
https://themegaradio.com/kr/,2026-01-06
https://themegaradio.com/af/station/b-mor,2026-01-06
https://themegaradio.com/af/station/rtm-brasil,2026-01-06
https://themegaradio.com/th/station/shonan-beach-fm,2026-01-06
https://themegaradio.com/af/station/iskc-only-live,2026-01-05
https://themegaradio.com/no/station/ckrv-fm-k-975-classic-rock-kamloops-bc,2026-01-05
https://themegaradio.com/bg/station/-30,2026-01-05
https://themegaradio.com/no/station/dnbradiocom-main-channel-de-mirror,2026-01-05
https://themegaradio.com/af/station/917-equip-fm,2026-01-05
https://themegaradio.com/bg/station/dr-p4-syd-1,2026-01-05
https://themegaradio.com/ro/station/disco-1,2026-01-04
https://themegaradio.com/th/station/nrk-p1-stfold,2026-01-04
https://themegaradio.com/ro/station/ckuw-959-university-of-winnipeg-mb,2026-01-04
https://themegaradio.com/bg/station/890-rtl-live,2026-01-04
https://themegaradio.com/bg/station/always-elvis-radio-3,2026-01-04
https://themegaradio.com/bg/station/057-radio-zadar-croatia,2026-01-04
https://themegaradio.com/bg/station/israeli-voice-radio-1,2026-01-04
https://themegaradio.com/pt/,2026-01-04
https://themegaradio.com/bg/station/rtv-slingeland,2026-01-04
https://themegaradio.com/ar/station/kiis-973-brisbane-973-fm-mp3,2026-01-04
https://themegaradio.com/bg/station/hot-fm-karachi,2026-01-04
https://themegaradio.com/ar/station/-2398,2026-01-03
https://themegaradio.com/bg/station/-2360,2026-01-03
https://themegaradio.com/ar/station/-1224,2026-01-03
https://themegaradio.com/bg/station/ckpp-1079-moose-fm-prescott-on,2026-01-02
https://themegaradio.com/ko/,2025-12-31
https://themegaradio.com/ar/station/2ec,2025-12-28
https://themegaradio.com/am/stations/imc-country-radio,2025-12-24
https://themegaradio.com/za/station/ecodebendicin,2025-12-11
https://themegaradio.com/ar/station/deep-in-space,2025-12-11
https://themegaradio.com/my/station/ewtn-philippines-1,2025-12-06
https://themegaradio.com/lv/station/heart-fm-927mhz-cdo-city,2025-12-05
https://themegaradio.com/cz/station/cybercrime-radio,2025-12-05
https://themegaradio.com/sk/station/ewtn-philippines-1,2025-12-05
https://themegaradio.com/fi/station/nova-fm-tapejara,2025-12-05
https://themegaradio.com/am/station/890-rtl,2025-12-05
https://themegaradio.com/am/station/-2582,2025-12-05
https://themegaradio.com/bg/station/global-community-radio-2-gcr-2,2025-12-04
https://themegaradio.com/th/station/mdr-sputnik-soundcheck-1,2025-12-03
https://themegaradio.com/hr/station/era-fm,2025-12-03
https://themegaradio.com/hr/station/dnb-fm,2025-12-03
https://themegaradio.com/my/station/trancebasefm-aac-40k,2025-12-02
https://themegaradio.com/hr/station/europa-plus-5,2025-12-02
https://themegaradio.com/hr/station/eska-trjmiasto,2025-12-02
https://themegaradio.com/hr/station/phare-fm-worship-3,2025-12-02
https://themegaradio.com/hr/station/myhits,2025-12-02
https://themegaradio.com/th/station/loa2010,2025-12-02
https://themegaradio.com/bn/station/kmfa-895-1,2025-12-02
https://themegaradio.com/sk/station/890-rtl,2025-12-02
https://themegaradio.com/th/station/chante-france-1,2025-12-02
https://themegaradio.com/lv/station/europa-fm-3,2025-12-02
https://themegaradio.com/th/station/esradio-galicia,2025-12-01
https://themegaradio.com/bg/station/cityfm,2025-12-01
https://themegaradio.com/id/station/radyo-natin-alaminos,2025-12-01
https://themegaradio.com/id/station/meloradio-fast-songs,2025-12-01
https://themegaradio.com/th/station/kpissfm,2025-12-01
https://themegaradio.com/ar/station/chmb-am1320-mainstream-broadcasting-corporation,2025-12-01
https://themegaradio.com/da/station/freies-radio-wste-welle,2025-11-30
https://themegaradio.com/gr/station/deep-one,2025-11-30
https://themegaradio.com/th/station/ktic,2025-11-30
https://themegaradio.com/id/station/ilovemusicradio,2025-11-30
https://themegaradio.com/id/station/hand-of-jesus-african,2025-11-30
https://themegaradio.com/id/station/fm-corazn-1025,2025-11-30
https://themegaradio.com/id/station/primorskaya-volna-ussuriysk-900-fm,2025-11-30
https://themegaradio.com/hr/station/mdr-sachsen-das-sachsenradio-fuball-audio-lives,2025-11-30
https://themegaradio.com/fr/station/70er-80er-kultnight,2025-11-29
https://themegaradio.com/it/station/rsn-la-indestructible,2025-11-29
https://themegaradio.com/bd/station/radio-chetumal-860-am-xectl-am-sqcs-sistema-quintanarroense-de-comunicacin-social-chetumal-quintana-roo,2025-11-29
https://themegaradio.com/tn/station/crooner-radio-legends,2025-11-29
https://themegaradio.com/bh/station/bremen-zwei-neu,2025-11-29
https://themegaradio.com/za/station/dirty-water-radio,2025-11-29
https://themegaradio.com/it/station/khyx-rock-943-fm,2025-11-29
https://themegaradio.com/ly/station/bremen-zwei-neu,2025-11-28
https://themegaradio.com/nl/station/bremen-zwei-neu,2025-11-28
https://themegaradio.com/pk/station/bremen-zwei-neu,2025-11-28
https://themegaradio.com/dz/station/savage-radio,2025-11-28
https://themegaradio.com/tn/station/guaruja-fm,2025-11-28
https://themegaradio.com/ly/station/chocolate-fm-1,2025-11-28
https://themegaradio.com/it/station/puresoul-digital-reggae,2025-11-28
https://themegaradio.com/es/station/la-mega-1061-agua-dulce-1061-fm-xhscid-fm-comunicacin-hidromila-agua-dulce-veracruz,2025-11-28
https://themegaradio.com/ee/station/france-bleu-roussillon,2025-11-28
https://themegaradio.com/it/station/fluxfm-mobys-vegan-radio-2,2025-11-28
https://themegaradio.com/it/station/k103-1,2025-11-28
https://themegaradio.com/jo/station/radio-play-915-fm-stereo-gr-xanthi,2025-11-28
https://themegaradio.com/jo/station/-1855,2025-11-27
https://themegaradio.com/de/station/the-breeze-chinchilla-955-fm-aac,2025-11-27
https://themegaradio.com/eg/station/kcsm-jazz-911-fm-1,2025-11-27
https://themegaradio.com/ir/station/express-fm,2025-11-26
https://themegaradio.com/ma/station/0-n-volksmusik-on-radio-1,2025-11-25
https://themegaradio.com/in/station/llaneros-por-venezuela,2025-11-25
https://themegaradio.com/ee/station/181fm-christmas-rock,2025-11-24
https://themegaradio.com/bh/station/fluxfm-mobys-vegan-radio-2,2025-11-23
https://themegaradio.com/ae/station/hard-rock-radio-fm,2025-11-23
https://themegaradio.com/eg/station/kjazz-881-kkjz,2025-11-23
https://themegaradio.com/ly/station/fluxfm-mobys-vegan-radio-2,2025-11-23
https://themegaradio.com/de/station/oceano-fm,2025-11-23
https://themegaradio.com/at/station/80s80s-ndw,2025-11-23
https://themegaradio.com/de/station/80s-christmas,2025-11-23
https://themegaradio.com/at/station/kuow-seattle,2025-11-23
https://themegaradio.com/ch/station/activa-fm-1049,2025-11-23
https://themegaradio.com/ch/station/mirchi-top-20,2025-11-23
https://themegaradio.com/ch/station/ro-wave,2025-11-23
https://themegaradio.com/dz/station/kjazz-881-kkjz,2025-11-23
https://themegaradio.com/dz/station/laut-fm-surf-2,2025-11-23
https://themegaradio.com/om/station/dfm-insomnia-1,2025-11-22
https://themegaradio.com/de/station/jam-fm-black-label,2025-11-22
https://themegaradio.com/ar/station/radiomv-2,2025-11-22
https://themegaradio.com/iq/station/2st-southern-highlands-917-fm-aac,2025-11-22
https://themegaradio.com/at/station/powerhitzcom-the-office-mix,2025-11-22
https://themegaradio.com/ke/station/nolife-radio-1,2025-11-22
https://themegaradio.com/nl/station/power-1017,2025-11-22
https://themegaradio.com/ar/station/ambiente-1030-am,2025-11-22
https://themegaradio.com/at/station/hit1047-canberra-1047-fm-aac,2025-11-22
https://themegaradio.com/ru/station/dls-1021-fm,2025-11-22
https://themegaradio.com/es/station/rtl-100-france,2025-11-22
https://themegaradio.com/bg/station/fiesta-las-vegas-981-fm,2025-11-22
https://themegaradio.com/ru/station/kbrw-680-am,2025-11-22
https://themegaradio.com/es/station/online-dj-radio-64,2025-11-22
https://themegaradio.com/de/station/shirley-spinoza,2025-11-22
https://themegaradio.com/bg/station/fm1039,2025-11-22
https://themegaradio.com/vn/station/ovacin-620-am-1,2025-11-22
https://themegaradio.com/vn/station/sine-music-1,2025-11-22
https://themegaradio.com/vn/station/91-dat-quertaro-909-fm-xhqrt-fm-respuesta-radiofnica-quertaro-quertaro,2025-11-22
https://themegaradio.com/de/station/le-grigri,2025-11-22
https://themegaradio.com/es/station/greenhouse-christmas-mp3,2025-11-22
https://themegaradio.com/cz/station/hot-932-fm,2025-11-22
https://themegaradio.com/de/station/fun-rdio-80-90,2025-11-22
https://themegaradio.com/de/station/ufm-1055-1,2025-11-22
https://themegaradio.com/de/station/triple-j-qld,2025-11-21
https://themegaradio.com/de/station/rts-la-premire-2,2025-11-21
https://themegaradio.com/ru/station/muy-buena-valencia,2025-11-21
https://themegaradio.com/bg/station/otvoreni-live-2,2025-11-21
https://themegaradio.com/hu/station/kotz-720-kotzebue-broadcasting-ak,2025-11-21
https://themegaradio.com/vn/station/sanyu-fm-2,2025-11-18
https://themegaradio.com/vn/station/mix-fm-porto-alegre,2025-11-18
https://themegaradio.com/cz/station/community-radio-2xx,2025-11-18
https://themegaradio.com/vn/station/hitfm-beijing,2025-11-18
https://themegaradio.com/cz/station/exa-fm-culiacn-1017-fm,2025-11-18
https://themegaradio.com/vn/station/latina-fiesta-1,2025-11-18
https://themegaradio.com/cz/station/kan-bet,2025-11-18
https://themegaradio.com/cz/station/radyo-dejavu-1,2025-11-18
https://themegaradio.com/vn/station/dfm-dancehall,2025-11-18
https://themegaradio.com/cz/station/ckhz-fm-hot-country-1035-halifax-ns,2025-11-18
https://themegaradio.com/cz/station/novi-radio-zadar-1,2025-11-18
https://themegaradio.com/vn/station/la-popular-cacahoatn-891-fm-xhcah-fm-imer-cacahoatn-cs,2025-11-18
https://themegaradio.com/cz/station/rock-n-roll-1,2025-11-18
https://themegaradio.com/cz/station/-1577,2025-11-18
https://themegaradio.com/vn/station/classic-tampico-961-fm-xhon-fm-multimedios-radio-tampico-tamaulipas,2025-11-18
https://themegaradio.com/cz/station/psyched-radio-san-francisco-1,2025-11-18
https://themegaradio.com/cz/station/rdio-bandnews-991-fm-band-ba,2025-11-18
https://themegaradio.com/cz/station/fibwi-radio,2025-11-18
https://themegaradio.com/vn/station/kios,2025-11-18
https://themegaradio.com/cz/station/deluxe-lounge-radio,2025-11-18
https://themegaradio.com/vn/station/fm-90-saladillo-fm-907,2025-11-18
https://themegaradio.com/vn/station/ndr-1-niedersachsen-os,2025-11-18
https://themegaradio.com/vn/station/jazz-5,2025-11-18
https://themegaradio.com/vn/station/cjcq-fm-979-q98-north-battleford-sk,2025-11-18
https://themegaradio.com/stations/radio-wesoe-slonzoki,2025-11-18
https://themegaradio.com/pl/,2025-11-18
https://themegaradio.com/cz/station/plusz-fm-nagyvarad,2025-11-17
https://themegaradio.com/vn/station/oldies-wttf,2025-11-17
https://themegaradio.com/cz/station/funky-radio-only-funk-music-60s-70s,2025-11-17
https://themegaradio.com/stations/sw-radio-deutsch,2025-11-17
https://themegaradio.com/vn/station/radio-party-groove,2025-11-13
https://themegaradio.com/vn/station/kristal-fm,2025-11-09
https://themegaradio.com/vn/station/kink-90s,2025-11-08
https://themegaradio.com/am/stations/-1299,2025-11-06
https://themegaradio.com/da/stations/cjeg-kool-1013-fm-bonnyville-ab,2025-11-05
https://themegaradio.com/sw/stations/ibiza-radios-relax,2025-11-02
https://themegaradio.com/sr/stations/kspn-colorado,2025-10-31
https://themegaradio.com/mr/stations/yabiladi-azawan-amazigh,2025-10-30
https://themegaradio.com/sl/stations/smooth-radio,2025-10-30
https://themegaradio.com/sv/stations/navidad-grupera-1,2025-10-25
https://themegaradio.com/th/stations/magic-radio-1,2025-10-25
https://themegaradio.com/cs/stations/rdio-gospel,2025-10-25
https://themegaradio.com/sl/stations/lorfm-12,2025-10-25
https://themegaradio.com/da/stations/radio-euro-disco,2025-10-25
https://themegaradio.com/hr/stations/181fm-the-breeze,2025-10-25
https://themegaradio.com/de/stations/pure-west-radio,2025-10-25
https://themegaradio.com/no/stations/kmih-889-fm,2025-10-25
https://themegaradio.com/sk/stations/80s-new-wave-radio-1,2025-10-25
https://themegaradio.com/tl/stations/cnn-indonesia,2025-10-25
https://themegaradio.com/hi/stations/chill-lounge-florida,2025-10-25
https://themegaradio.com/de/stations/city-radio-1,2025-10-25
https://themegaradio.com/cs/stations/-696,2025-10-25
https://themegaradio.com/de/stations/paisa-estereo-1,2025-10-25
https://themegaradio.com/pt/stations/fyah105-fm,2025-10-24
https://themegaradio.com/ar/stations/shangyu-tv-series-tv,2025-10-24
https://themegaradio.com/es/stations/radio-art-franz-schubert,2025-10-24
https://themegaradio.com/lv/stations/cjrq-fm-927-rock-sudbury-on,2025-10-24
https://themegaradio.com/he/stations/2bms-fine-music-sydney,2025-10-24
https://themegaradio.com/ja/stations/radio-marzahn,2025-10-24
https://themegaradio.com/hi/stations/fm905-3,2025-10-24
https://themegaradio.com/ar/stations/radio-euronews-bulgaria-1056-fm-sofia,2025-10-24
https://themegaradio.com/hu/stations/-757,2025-10-24
https://themegaradio.com/am/stations/rri-channel-5,2025-10-23
https://themegaradio.com/de/stations/923-komp,2025-10-23
https://themegaradio.com/th/stations/0-n-electro-on-radio-1,2025-10-23
https://themegaradio.com/sw/stations/lorfm-19,2025-10-23
https://themegaradio.com/pl/stations/radio-24-2,2025-10-23
https://themegaradio.com/fi/,2025-10-23
https://themegaradio.com/hu/stations/vibracin-latina,2025-10-23
https://themegaradio.com/cs/stations/the-strobe-radio,2025-10-22
https://themegaradio.com/sk/stations/eazy-e-ruthless-radio-1,2025-10-20
https://themegaradio.com/nl/,2025-10-20
https://themegaradio.com/sw/stations/-46,2025-10-20
https://themegaradio.com/pt/stations/top-melody-1049,2025-10-19
https://themegaradio.com/sk/stations/walts-welt,2025-10-19
https://themegaradio.com/ms/stations/exclusively-whitney-houston-1,2025-10-16
https://themegaradio.com/tl/stations/w-radio-885-villahermosa-885-fm-xhkv-fm-grupo-radio-can-villahermosa-tabasco,2025-10-13
https://themegaradio.com/hi/stations/hitradiortl-vogtland,2025-10-13
https://themegaradio.com/el/stations/cnr-10,2025-10-13
https://themegaradio.com/ar/stations/mirchi-fm-1024,2025-10-12
https://themegaradio.com/tr/stations/island-989-fm-kauai-kith-fm,2025-10-11
https://themegaradio.com/sw/stations/fm937,2025-10-11
https://themegaradio.com/el/stations/ok-radio-prelo,2025-10-10
https://themegaradio.com/da/stations/dfm-914-fm,2025-10-09
https://themegaradio.com/sw/stations/katherine-jenkins-classical-radio,2025-10-09
https://themegaradio.com/zh/stations/2bms-fine-music-sydney,2025-10-09
https://themegaradio.com/no/stations/2nur-fm-newcastle-1037-fm-aac,2025-10-04
https://themegaradio.com/cs/stations/al-mallu-fm,2025-10-04
https://themegaradio.com/pl/stations/guf,2025-10-03
https://themegaradio.com/fa/stations/naxi-radio-1,2025-10-03
https://themegaradio.com/ru/stations/fluxfm-hard-rock-2,2025-10-03
https://themegaradio.com/pt/stations/les-brown-greatness-radio,2025-09-28